[{"model": "products.productcategory", "pk": 1, "fields": {"name": "Vegan", "slug": "Vegan", "filter": true}}, {"model": "products.productcategory", "pk": 2, "fields": {"name": "Spicy", "slug": "Spicy", "filter": true}}, {"model": "products.productcategory", "pk": 3, "fields": {"name": "Pizza", "slug": "pizzas", "filter": false}}, {"model": "products.productcategory", "pk": 4, "fields": {"name": "Offers", "slug": "offers", "filter": false}}, {"model": "products.productcategory", "pk": 5, "fields": {"name": "Merch", "slug": "merch", "filter": false}}, {"model": "products.productcategory", "pk": 6, "fields": {"name": "Vegeterian", "slug": "Vegeterian", "filter": true}}, {"model": "products.productcategory", "pk": 7, "fields": {"name": "Sides", "slug": "sides", "filter": false}}, {"model": "products.productcategory", "pk": 8, "fields": {"name": "Carnivorous", "slug": "Carnivorous", "filter": true}}, {"model": "products.productcategory", "pk": 9, "fields": {"name": "Drinks", "slug": "drinks", "filter": false}}, {"model": "products.product", "pk": 1, "fields": {"name": "Dragon's Fury", "price": 12999, "pay_with_loyalty_points": false, "loyalty_points_bonus": 100, "description": "Dragon's Fury is a pizza that ignites the senses with its fiery blend of flavors. The spicy pepperoni, paired with tender chicken and a fiery kick of jalapenos, conjures up images of a raging dragon breathing flames in the heart of a dark dungeon. The sprinkling of red onions and blue cheese crumbles add a bold and daring edge to the pizza, as if the dragon itself has left its mark on the dish.", "picture": "image_1_iq1ebTX.webp", "second_picture": "backofpizza_GjwR8pr.jpg", "loyalty_points_only": false, "category": [8, 2, 3]}}, {"model": "products.product", "pk": 2, "fields": {"name": "Siren's Song", "price": 12999, "pay_with_loyalty_points": false, "loyalty_points_bonus": 100, "description": "Siren's Song pizza is a bewitching combination of flavors that will have you under its spell. With a tantalizing tomato sauce base and a symphony of mozzarella, green bell peppers, and olives\r\nThis pizza's siren song will call out to you irresistibly, the combination of salty and tangy flavors, along with the vibrant colors of the toppings, create a sensory experience that will leave you mesmerized.", "picture": "image_3_miOXJ9E.webp", "second_picture": "backofpizza_Vlh3D1E.jpg", "loyalty_points_only": false, "category": [6, 3]}}, {"model": "products.product", "pk": 3, "fields": {"name": "Lair of the Beast", "price": 14999, "pay_with_loyalty_points": false, "loyalty_points_bonus": 100, "description": "Lair of the Beast pizza is a carnivorous delight that will satisfy the hunger of even the most ferocious appetites. Loaded with tomato sauce, mozzarella cheese, and an assortment of premium meats including pepperoni, , bacon and ham. This pizza is sure to transport you to the depths of the beast's lair. Each bite is a bold and flavorful journey into the heart of the hunt, inviting you to unleash your inner carnivore and indulge in the ultimate pizza experience.", "picture": "image_wchyHrh.webp", "second_picture": "backofpizza_C0KLP7k.jpg", "loyalty_points_only": false, "category": [8, 3]}}, {"model": "products.product", "pk": 4, "fields": {"name": "Mystic Mushroom", "price": 12999, "pay_with_loyalty_points": false, "loyalty_points_bonus": 100, "description": "Mystic Mushroom is a pizza that will transport you to a whimsical world of magic and enchantment. The earthy and rich flavor of shiitake mushrooms, combined with the creamy and tangy taste of cream cheese and the sweetness of red onions, will make your taste buds dance. The savory tomato sauce and stretchy mozzarella cheese provide the perfect canvas for these delightful toppings.", "picture": "image_2_djQr0cE.webp", "second_picture": "backofpizza_wd2QmNC.jpg", "loyalty_points_only": false, "category": [1, 6, 3]}}, {"model": "products.product", "pk": 5, "fields": {"name": "Ogre's breakfast", "price": 12999, "pay_with_loyalty_points": false, "loyalty_points_bonus": 100, "description": "The Ogre's Breakfast pizza is a hearty and satisfying meal fit for even the largest of appetites. With a robust tomato sauce and melty mozzarella cheese as a base, this pizza is topped with generous portions of savory sausage, perfectly cooked eggs, and flavorful red peppers. For a touch of earthiness and nutrition, fresh spinach is scattered throughout. This pizza is sure to give any ogre the energy they need to tackle their day with ferocity and vigor!", "picture": "image_4_0ldiBSD.webp", "second_picture": "backofpizza_Dno6sB8.jpg", "loyalty_points_only": false, "category": [8, 3]}}, {"model": "products.product", "pk": 8, "fields": {"name": "Family Deal", "price": 24999, "pay_with_loyalty_points": false, "loyalty_points_bonus": 150, "description": "Feed your whole family with this incredible offer!\r\nOffer includes: 2 pizza's and 2 L beverage of your choosing.", "picture": "Screenshot_2023-05-11_at_09.38.42.png", "second_picture": "doublepizzas.jpg", "loyalty_points_only": false, "category": [4]}}, {"model": "products.product", "pk": 9, "fields": {"name": "Pepsi", "price": 3000, "pay_with_loyalty_points": false, "loyalty_points_bonus": 25, "description": "That delicious black drink we all know and love", "picture": "pepsi-1481584638.webp", "second_picture": "pepsi.jpg", "loyalty_points_only": false, "category": [9]}}, {"model": "products.product", "pk": 10, "fields": {"name": "Kristall", "price": 3000, "pay_with_loyalty_points": false, "loyalty_points_bonus": 25, "description": "That delicious flavoured bubbly water we all love!", "picture": "131222-Pizzan1322-1-1-1515249081.webp", "second_picture": "kristallogo.png", "loyalty_points_only": false, "category": [9]}}, {"model": "products.product", "pk": 11, "fields": {"name": "7-UP", "price": 3000, "pay_with_loyalty_points": false, "loyalty_points_bonus": 25, "description": "That clear and sweet citrus blast of a drink we all enjoy!", "picture": "7up-2523533010.webp", "second_picture": "7Up-Logo-7-1890473872.jpg", "loyalty_points_only": false, "category": [9]}}, {"model": "products.product", "pk": 12, "fields": {"name": "MIX", "price": 3000, "pay_with_loyalty_points": false, "loyalty_points_bonus": 25, "description": "Mix it up with some MIX!", "picture": "mix-112931053.webp", "second_picture": "mix.jpg", "loyalty_points_only": false, "category": [9]}}, {"model": "products.product", "pk": 13, "fields": {"name": "Appelsin", "price": 3000, "pay_with_loyalty_points": false, "loyalty_points_bonus": 25, "description": "That non-descript orange drink that's so fizzy you'll float!", "picture": "131222-Pizzan1322-1354427489.webp", "second_picture": "6686-appelsin-c6784-2330482409.png", "loyalty_points_only": false, "category": [9]}}, {"model": "products.product", "pk": 14, "fields": {"name": "Enchanted Ember Wings(BBQ)", "price": 5000, "pay_with_loyalty_points": false, "loyalty_points_bonus": 70, "description": "Introducing our Enchanted Ember Wings. These succulent chicken wings are infused with the essence of enchanted fire and BBQ sauce, which imbues them with a magical glow and an otherworldly flavor. Every bite of these wings is like a journey through a magical realm, with smoky and savory notes blending together in perfect harmony.", "picture": "hot-wings-3179519204.webp", "second_picture": "", "loyalty_points_only": false, "category": [8, 7]}}, {"model": "products.product", "pk": 15, "fields": {"name": "Enchanted Ember Wings(Hot sauce)", "price": 5000, "pay_with_loyalty_points": false, "loyalty_points_bonus": 70, "description": "Introducing our Enchanted Ember Wings. These succulent chicken wings are infused with the essence of enchanted fire and hot sauce,  giving them an otherworldly flavor. Every bite of these wings is like a journey through a magical realm, with smoky and savory notes blending together in perfect harmony.", "picture": "bbq-1726376284.webp", "second_picture": "bbq2_YtvcUsd.jpg", "loyalty_points_only": false, "category": [8, 2, 7]}}, {"model": "products.product", "pk": 16, "fields": {"name": "Golden Elegance", "price": 5000, "pay_with_loyalty_points": false, "loyalty_points_bonus": 70, "description": "Indulge in the ultimate luxurious bread experience with our \"Golden Elegance\" breadsticks. Each golden-brown stick is infused with a delicate blend of premium herbs and spices, making for a rich, aromatic taste that will tantalize your taste buds!", "picture": "Hvitlauks-luxus-15265486-1329807787.webp", "second_picture": "premiumstick2.jpg", "loyalty_points_only": false, "category": [7]}}, {"model": "products.product", "pk": 17, "fields": {"name": "Game Night", "price": 20999, "pay_with_loyalty_points": false, "loyalty_points_bonus": 200, "description": "Enjoy Game Night with this incredible offer!\r\nOffer includes:\r\n1 pizza, 1 side and 2 L beverage of your choosing", "picture": "Screenshot_2023-05-11_at_09.36.49.png", "second_picture": "tilbodgame.jpg", "loyalty_points_only": false, "category": [4]}}, {"model": "products.product", "pk": 18, "fields": {"name": "Puff the Dragon", "price": 15000, "pay_with_loyalty_points": true, "loyalty_points_bonus": 0, "description": "Puff the Dragon is the perfect addition to any pizza lover's collection. Puff's soft, fluffy body makes it perfect for cuddling and snuggling, and its size is just right for displaying on a bed or shelf.", "picture": "puff-the-dragon-plushie.jpg", "second_picture": "puffdragonplush2.jpg", "loyalty_points_only": false, "category": [5]}}, {"model": "products.product", "pk": 19, "fields": {"name": "Puff the Dragon - sticker", "price": 900, "pay_with_loyalty_points": true, "loyalty_points_bonus": 0, "description": "Puff the Dragon loves nothing more than devouring a delicious pizza pie. Display your love for Puff the Dragon by posting this sticker on your laptop or other items at home!", "picture": "puff-the-dragon-sticker.jpg", "second_picture": "puffsticker2.jpg", "loyalty_points_only": false, "category": [5]}}, {"model": "products.product", "pk": 20, "fields": {"name": "Pizza sticker", "price": 900, "pay_with_loyalty_points": true, "loyalty_points_bonus": 0, "description": "One of the Pizza Lairs delicious pizzas has come alive in this sticker, can you guess which pizza it is?\r\nShow off your love for the Pizza Lair pizzas by displaying this sticker on your laptop or other devices!", "picture": "pizza-sticker.jpg", "second_picture": "pizzasticker.jpg", "loyalty_points_only": false, "category": [5]}}, {"model": "products.product", "pk": 21, "fields": {"name": "Pizza plushie", "price": 10000, "pay_with_loyalty_points": true, "loyalty_points_bonus": 0, "description": "One of the pizzas from the Pizza Lair has come to life in this deliciously soft plushie!\r\nThe Pizzas soft, fluffy body makes it perfect for cuddling and snuggling, and its size is just right for displaying on a bed or shelf.", "picture": "pizza-plushie.jpg", "second_picture": "pizza-plushie.png", "loyalty_points_only": false, "category": [5]}}, {"model": "products.product", "pk": 22, "fields": {"name": "Puff the Dragon - Onesie", "price": 75000, "pay_with_loyalty_points": true, "loyalty_points_bonus": 0, "description": "This Puff the Dragon onesie will have you be the envy of all your friends at your next sleepover!\r\nShow your love of the Pizza Lair by getting it now!", "picture": "Puff-the-onsie.jpg", "second_picture": "pufftheonesie.png", "loyalty_points_only": false, "category": [5]}}, {"model": "products.product", "pk": 23, "fields": {"name": "Puff the Dragon - pin", "price": 1500, "pay_with_loyalty_points": true, "loyalty_points_bonus": 0, "description": "With this Puff the Dragon pin you can show off your love for the Pizza Lair anywhere you go!\r\nPin it on your cap or backpack to show your friends that you are a Puff the Dragon fan!", "picture": "puff-enamel-pin.jpg", "second_picture": "puff-enamel2.jpg", "loyalty_points_only": false, "category": [5]}}, {"model": "products.product", "pk": 24, "fields": {"name": "Pizza - pin", "price": 1150, "pay_with_loyalty_points": true, "loyalty_points_bonus": 0, "description": "Show off your love for the Pizza Lair with this pizza slice pin!", "picture": "pizza-enamel-pin1.jpg", "second_picture": "pizza-enamel-pin.jpg", "loyalty_points_only": false, "category": [5]}}, {"model": "products.product", "pk": 25, "fields": {"name": "Pizza - pin", "price": 1150, "pay_with_loyalty_points": true, "loyalty_points_bonus": 0, "description": "Show off your love of the Pizza Lair with this pizza slice pin!", "picture": "pizza-enamel-pin2.jpg", "second_picture": "pizza-enamel-pin2_4BL4k8V.jpg", "loyalty_points_only": false, "category": [5]}}, {"model": "products.product", "pk": 28, "fields": {"name": "Garden Madness", "price": 13999, "pay_with_loyalty_points": false, "loyalty_points_bonus": 90, "description": "Garden Madness is a vegan's dream come true. Topped with a generous helping of flavorful vegan cheese, this pizza also features a garden's worth of fresh and tasty vegetables. You'll find juicy slices of paprika, savory mushrooms, salty olives, and zesty tomato sauce, all on top of a crispy crust. To make it even more appealing, we've added some tasty and meat-free pepperoni.", "picture": "wonderful-vegan-d4f1cea3-dd7a-4e11-b8e6-daa605938886_iC18xxO.webp", "second_picture": "backofpizza_nEinWYF.jpg", "loyalty_points_only": false, "category": [1, 3, 6]}}, {"model": "products.product", "pk": 29, "fields": {"name": "Enchanted Dragon Fire", "price": 13999, "pay_with_loyalty_points": false, "loyalty_points_bonus": 90, "description": "This pizza is topped with spicy jalapenos, tangy tomato sauce, creamy vegan cream cheese, crispy nachos, and melty vegan cheese. The flavors blend together in a magical dance on your taste buds, transporting you to a fantastical realm of flavor and adventure!", "picture": "wild-wild-vegan-c8d2d53b-61fa-4b25-ab09-e2de74d9afd5_YvyNnYW.webp", "second_picture": "backofpizza_vwmFV53.jpg", "loyalty_points_only": false, "category": [1, 2, 3, 6]}}, {"model": "products.product", "pk": 30, "fields": {"name": "The Pined ham", "price": 10999, "pay_with_loyalty_points": false, "loyalty_points_bonus": 10, "description": "I can't believe you've done this.", "picture": "happy-hawai-350f4b75-4c9b-4cb4-b402-3abf0054302e.webp", "second_picture": "backofpizza_OfJmec0.jpg", "loyalty_points_only": false, "category": [8, 3]}}, {"model": "products.product", "pk": 31, "fields": {"name": "Inferno's Fury", "price": 12999, "pay_with_loyalty_points": false, "loyalty_points_bonus": 100, "description": "Savor the heat of our Inferno's Fury pizza! Tomato sauce and melted mozzarella cheese provide the perfect base for the spicy kick of our pepperoni. But that's not all - we've added a generous layer of sharp cheddar cheese to top it off and send your taste buds into overdrive. This fiery pizza is not for the faint of heart, but for those who dare to indulge in the flames of flavor.", "picture": "Dóri-sterki-1271616154.webp", "second_picture": "backofpizza_fNZf3Ym.jpg", "loyalty_points_only": false, "category": [8, 2, 3]}}, {"model": "products.product", "pk": 32, "fields": {"name": "Fiery Date Night", "price": 13999, "pay_with_loyalty_points": false, "loyalty_points_bonus": 100, "description": "Fiery Date Night is a magical blend of heat and sweetness. Our signature tomato sauce and gooey mozzarella cheese perfectly complement the spicy pepperoni and fresh chili, while the cream cheese and succulent dates add a touch of decadence. This pizza is the perfect choice for those seeking adventure and a little romance in their lives.", "picture": "Chilli-Date-2-382131819.webp", "second_picture": "backofpizza.jpg", "loyalty_points_only": false, "category": [8, 2, 3]}}, {"model": "products.product", "pk": 33, "fields": {"name": "Vegan Combo", "price": 17999, "pay_with_loyalty_points": false, "loyalty_points_bonus": -50, "description": "Here at Pizza Lair we appreciate our vegan friends with this combo! \r\nOffer includes:\r\n1 vegan pizza of your choice and a soda", "picture": "vegantilbod.jpg", "second_picture": "", "loyalty_points_only": false, "category": [4]}}, {"model": "products.product", "pk": 34, "fields": {"name": "Green Field", "price": 13999, "pay_with_loyalty_points": false, "loyalty_points_bonus": -20, "description": "Behold, the 'Green Field' pizza - a creation of pure magic and imagination. With a base of golden crust, crowned with a celestial red sauce and a blanket of vegan cheese that shimmers like stardust, this pizza is not of this world. But it is the humble cabbage, adorned in emerald green, that truly brings this pizza to life. Like a verdant field of enchanted greens, it offers a refreshing crunch and savory taste that's fit for the palate of any adventurer on a quest for flavor. Dare to indulge in this mystical creation and you'll be transported to a world where veganism reigns supreme and taste knows no bounds", "picture": "veganpizza.jpg", "second_picture": "backofpizza_EXAqaaf.jpg", "loyalty_points_only": false, "category": [1, 3, 6]}}, {"model": "products.pizza", "pk": 1, "fields": {"toppings": [9, 19, 21, 22, 1, 4, 7]}}, {"model": "products.pizza", "pk": 2, "fields": {"toppings": [16, 21, 6, 22]}}, {"model": "products.pizza", "pk": 3, "fields": {"toppings": [1, 2, 14]}}, {"model": "products.pizza", "pk": 4, "fields": {"toppings": [4, 5, 12, 21, 22]}}, {"model": "products.pizza", "pk": 5, "fields": {"toppings": [2, 16, 18, 21, 22, 28]}}, {"model": "products.pizza", "pk": 28, "fields": {"toppings": [5, 6, 16, 19, 21, 23, 24]}}, {"model": "products.pizza", "pk": 29, "fields": {"toppings": [9, 21, 23, 26, 27]}}, {"model": "products.pizza", "pk": 30, "fields": {"toppings": [2, 3, 21, 22]}}, {"model": "products.pizza", "pk": 31, "fields": {"toppings": [8, 1, 21, 22]}}, {"model": "products.pizza", "pk": 32, "fields": {"toppings": [1, 10, 11, 12, 21, 22]}}, {"model": "products.pizza", "pk": 34, "fields": {"toppings": [25, 21, 23]}}, {"model": "products.pizzatopping", "pk": 1, "fields": {"name": "Pepperoni"}}, {"model": "products.pizzatopping", "pk": 2, "fields": {"name": "Ham"}}, {"model": "products.pizzatopping", "pk": 3, "fields": {"name": "Pineapple"}}, {"model": "products.pizzatopping", "pk": 4, "fields": {"name": "Red onion"}}, {"model": "products.pizzatopping", "pk": 5, "fields": {"name": "Mushroom"}}, {"model": "products.pizzatopping", "pk": 6, "fields": {"name": "Olives"}}, {"model": "products.pizzatopping", "pk": 7, "fields": {"name": "Blue cheese"}}, {"model": "products.pizzatopping", "pk": 8, "fields": {"name": "Cheddar"}}, {"model": "products.pizzatopping", "pk": 9, "fields": {"name": "Jalapeno"}}, {"model": "products.pizzatopping", "pk": 10, "fields": {"name": "Dates"}}, {"model": "products.pizzatopping", "pk": 11, "fields": {"name": "Chili"}}, {"model": "products.pizzatopping", "pk": 12, "fields": {"name": "Cream cheese"}}, {"model": "products.pizzatopping", "pk": 13, "fields": {"name": "Basil"}}, {"model": "products.pizzatopping", "pk": 14, "fields": {"name": "Bacon"}}, {"model": "products.pizzatopping", "pk": 15, "fields": {"name": "Fajitas chicken"}}, {"model": "products.pizzatopping", "pk": 16, "fields": {"name": "Green bell pepper"}}, {"model": "products.pizzatopping", "pk": 17, "fields": {"name": "Sun dried tomatos"}}, {"model": "products.pizzatopping", "pk": 18, "fields": {"name": "Spinach"}}, {"model": "products.pizzatopping", "pk": 19, "fields": {"name": "Black pepper"}}, {"model": "products.pizzatopping", "pk": 20, "fields": {"name": "BBQ topping"}}, {"model": "products.pizzatopping", "pk": 21, "fields": {"name": "tomato sauce"}}, {"model": "products.pizzatopping", "pk": 22, "fields": {"name": "mozzarella"}}, {"model": "products.pizzatopping", "pk": 23, "fields": {"name": "vegan cheese"}}, {"model": "products.pizzatopping", "pk": 24, "fields": {"name": "vegan pepperoni"}}, {"model": "products.pizzatopping", "pk": 25, "fields": {"name": "cabbage"}}, {"model": "products.pizzatopping", "pk": 26, "fields": {"name": "vegan cream cheese"}}, {"model": "products.pizzatopping", "pk": 27, "fields": {"name": "nacho crisps"}}, {"model": "products.pizzatopping", "pk": 28, "fields": {"name": "egg"}}, {"model": "products.offer", "pk": 8, "fields": {}}, {"model": "products.offer", "pk": 17, "fields": {}}, {"model": "products.offer", "pk": 33, "fields": {}}, {"model": "products.offertemplate", "pk": 3, "fields": {"offer": 8, "quantity": 1, "category": 9}}, {"model": "products.offertemplate", "pk": 4, "fields": {"offer": 8, "quantity": 2, "category": 3}}, {"model": "products.offertemplate", "pk": 5, "fields": {"offer": 17, "quantity": 1, "category": 3}}, {"model": "products.offertemplate", "pk": 6, "fields": {"offer": 17, "quantity": 1, "category": 7}}, {"model": "products.offertemplate", "pk": 7, "fields": {"offer": 17, "quantity": 1, "category": 9}}, {"model": "products.offertemplate", "pk": 9, "fields": {"offer": 33, "quantity": 1, "category": 1}}, {"model": "products.offertemplate", "pk": 10, "fields": {"offer": 33, "quantity": 1, "category": 9}}, {"model": "products.offerinstance", "pk": 7, "fields": {"offer": 8, "products": [2, 4, 9]}}, {"model": "products.offerinstance", "pk": 8, "fields": {"offer": 8, "products": [2, 4, 9]}}, {"model": "products.offerinstance", "pk": 9, "fields": {"offer": 8, "products": [3, 11, 5]}}, {"model": "products.offerinstance", "pk": 10, "fields": {"offer": 8, "products": [2, 1, 9]}}, {"model": "products.offerinstance", "pk": 11, "fields": {"offer": 8, "products": [2, 1, 9]}}, {"model": "products.offerinstance", "pk": 12, "fields": {"offer": 8, "products": [2, 1, 9]}}, {"model": "products.offerinstance", "pk": 13, "fields": {"offer": 8, "products": [3, 11, 5]}}, {"model": "products.offerinstance", "pk": 14, "fields": {"offer": 8, "products": [3, 11, 5]}}, {"model": "products.offerinstance", "pk": 15, "fields": {"offer": 8, "products": [3, 11, 5]}}, {"model": "products.offerinstance", "pk": 16, "fields": {"offer": 8, "products": [3, 11, 5]}}, {"model": "products.offerinstance", "pk": 17, "fields": {"offer": 8, "products": [1, 9]}}, {"model": "products.offerinstance", "pk": 18, "fields": {"offer": 8, "products": [1, 9]}}, {"model": "products.offerinstance", "pk": 19, "fields": {"offer": 8, "products": [1, 9]}}, {"model": "products.offerinstance", "pk": 20, "fields": {"offer": 8, "products": [1, 9]}}, {"model": "products.offerinstance", "pk": 21, "fields": {"offer": 8, "products": [2, 1, 9]}}, {"model": "products.offerinstance", "pk": 22, "fields": {"offer": 8, "products": [2, 1, 9]}}, {"model": "products.offerinstance", "pk": 23, "fields": {"offer": 8, "products": [2, 1, 9]}}, {"model": "products.offerinstance", "pk": 24, "fields": {"offer": 8, "products": [3, 1, 9]}}, {"model": "products.offerinstance", "pk": 25, "fields": {"offer": 8, "products": [2, 1, 9]}}, {"model": "products.offerinstance", "pk": 26, "fields": {"offer": 8, "products": [1, 9]}}, {"model": "products.offerinstance", "pk": 27, "fields": {"offer": 8, "products": [1, 9]}}, {"model": "products.offerinstance", "pk": 28, "fields": {"offer": 8, "products": [1, 9]}}, {"model": "products.offerinstance", "pk": 29, "fields": {"offer": 8, "products": [1, 9]}}, {"model": "products.offerinstance", "pk": 30, "fields": {"offer": 8, "products": [1, 9]}}, {"model": "products.offerinstance", "pk": 31, "fields": {"offer": 8, "products": [2, 1, 9]}}, {"model": "products.offerinstance", "pk": 32, "fields": {"offer": 8, "products": [1, 9]}}, {"model": "products.offerinstance", "pk": 33, "fields": {"offer": 8, "products": [1, 9]}}, {"model": "products.offerinstance", "pk": 34, "fields": {"offer": 8, "products": [1, 9]}}, {"model": "products.offerinstance", "pk": 35, "fields": {"offer": 8, "products": [3, 1, 9]}}, {"model": "products.offerinstance", "pk": 36, "fields": {"offer": 8, "products": [1, 9]}}, {"model": "products.offerinstance", "pk": 37, "fields": {"offer": 8, "products": [1, 9]}}, {"model": "products.offerinstance", "pk": 38, "fields": {"offer": 8, "products": [1, 9]}}, {"model": "products.offerinstance", "pk": 39, "fields": {"offer": 8, "products": [1, 9]}}, {"model": "products.offerinstance", "pk": 40, "fields": {"offer": 8, "products": [1, 9]}}, {"model": "products.offerinstance", "pk": 41, "fields": {"offer": 8, "products": [1, 9]}}, {"model": "products.offerinstance", "pk": 42, "fields": {"offer": 8, "products": [2, 1, 9]}}, {"model": "products.offerinstance", "pk": 43, "fields": {"offer": 8, "products": [1, 9]}}, {"model": "products.offerinstance", "pk": 44, "fields": {"offer": 8, "products": [2, 1, 9]}}, {"model": "products.offerinstance", "pk": 45, "fields": {"offer": 8, "products": [2, 1, 9]}}, {"model": "products.offerinstance", "pk": 46, "fields": {"offer": 8, "products": [1, 9]}}, {"model": "products.offerinstance", "pk": 47, "fields": {"offer": 8, "products": [1, 9]}}, {"model": "products.offerinstance", "pk": 48, "fields": {"offer": 8, "products": [1, 9]}}, {"model": "products.offerinstance", "pk": 49, "fields": {"offer": 8, "products": [1, 9]}}, {"model": "products.offerinstance", "pk": 50, "fields": {"offer": 8, "products": [2, 1, 9]}}, {"model": "products.offerinstance", "pk": 51, "fields": {"offer": 8, "products": [2, 1, 9]}}, {"model": "products.offerinstance", "pk": 52, "fields": {"offer": 8, "products": [2, 1, 9]}}, {"model": "products.offerinstance", "pk": 53, "fields": {"offer": 8, "products": [1, 9]}}, {"model": "products.offerinstance", "pk": 54, "fields": {"offer": 8, "products": [2, 1, 9]}}, {"model": "products.offerinstance", "pk": 55, "fields": {"offer": 8, "products": [1, 9]}}, {"model": "products.offerinstance", "pk": 56, "fields": {"offer": 8, "products": [2, 1, 9]}}, {"model": "products.offerinstance", "pk": 57, "fields": {"offer": 8, "products": [1, 9]}}, {"model": "products.offerinstance", "pk": 58, "fields": {"offer": 8, "products": [1, 9]}}, {"model": "products.offerinstance", "pk": 59, "fields": {"offer": 8, "products": [1, 9]}}, {"model": "products.offerinstance", "pk": 60, "fields": {"offer": 8, "products": [1, 9]}}, {"model": "products.offerinstance", "pk": 61, "fields": {"offer": 8, "products": [2, 1, 9]}}, {"model": "products.offerinstance", "pk": 62, "fields": {"offer": 8, "products": [1, 9]}}, {"model": "products.offerinstance", "pk": 63, "fields": {"offer": 8, "products": [1, 9]}}, {"model": "products.offerinstance", "pk": 64, "fields": {"offer": 8, "products": [1, 9]}}, {"model": "products.offerinstance", "pk": 65, "fields": {"offer": 17, "products": []}}, {"model": "products.offerinstance", "pk": 66, "fields": {"offer": 8, "products": [3, 12, 31]}}, {"model": "products.offerinstance", "pk": 67, "fields": {"offer": 17, "products": [3, 14, 9]}}, {"model": "products.offerinstance", "pk": 68, "fields": {"offer": 17, "products": [3, 14, 9]}}, {"model": "products.offerinstance", "pk": 69, "fields": {"offer": 8, "products": [2, 4, 9]}}, {"model": "products.offerinstance", "pk": 70, "fields": {"offer": 17, "products": [2, 15, 10]}}, {"model": "products.offerinstance", "pk": 71, "fields": {"offer": 8, "products": [3, 9, 30, 28]}}, {"model": "products.offerinstance", "pk": 72, "fields": {"offer": 8, "products": [3, 9, 30, 28]}}, {"model": "products.offerinstance", "pk": 73, "fields": {"offer": 17, "products": [3, 14, 9]}}, {"model": "products.offerinstance", "pk": 74, "fields": {"offer": 17, "products": [3, 14, 9]}}, {"model": "products.offerinstance", "pk": 75, "fields": {"offer": 17, "products": [3, 14, 9]}}, {"model": "products.offerinstance", "pk": 76, "fields": {"offer": 17, "products": [3, 14, 9]}}, {"model": "products.offerinstance", "pk": 77, "fields": {"offer": 17, "products": [3, 14, 13]}}, {"model": "products.offerinstance", "pk": 78, "fields": {"offer": 8, "products": [13, 31, 29, 4]}}, {"model": "products.offerinstance", "pk": 79, "fields": {"offer": 17, "products": [2, 14, 12]}}, {"model": "products.offerinstance", "pk": 80, "fields": {"offer": 17, "products": [4, 15, 12]}}, {"model": "products.offerinstance", "pk": 81, "fields": {"offer": 17, "products": [1, 16, 12]}}, {"model": "products.offerinstance", "pk": 82, "fields": {"offer": 8, "products": [12, 5, 28, 29]}}, {"model": "products.offerinstance", "pk": 83, "fields": {"offer": 17, "products": [1, 15, 9]}}, {"model": "products.offerinstance", "pk": 84, "fields": {"offer": 17, "products": [5, 14, 13]}}, {"model": "products.offerinstance", "pk": 85, "fields": {"offer": 17, "products": [3, 15, 9]}}, {"model": "products.offerinstance", "pk": 86, "fields": {"offer": 8, "products": [11, 3, 1]}}, {"model": "products.offerinstance", "pk": 87, "fields": {"offer": 8, "products": [10, 4, 29]}}, {"model": "products.offerinstance", "pk": 88, "fields": {"offer": 17, "products": [29, 16, 9]}}, {"model": "products.offerinstance", "pk": 89, "fields": {"offer": 8, "products": [9, 2, 1]}}, {"model": "products.offerinstance", "pk": 90, "fields": {"offer": 17, "products": [2, 15, 10]}}, {"model": "orders.country", "pk": 1, "fields": {"name": "Iceland"}}, {"model": "orders.country", "pk": 2, "fields": {"name": "United Kingdom"}}, {"model": "orders.country", "pk": 3, "fields": {"name": "New Zealand"}}, {"model": "orders.orderstatus", "pk": 1, "fields": {"name": "Incomplete", "description": "Your order needs more information.", "type": 1}}, {"model": "orders.orderstatus", "pk": 2, "fields": {"name": "New", "description": "Your order has been sent and is awaiting confirmation.", "type": 2}}, {"model": "orders.orderstatus", "pk": 3, "fields": {"name": "Preparing", "description": "Our bakers are kneading the dough as we speak!", "type": 3}}, {"model": "orders.orderstatus", "pk": 4, "fields": {"name": "Baking", "description": "Your pizza is getting all warm and cozy by the fireplace.", "type": 3}}, {"model": "orders.orderstatus", "pk": 6, "fields": {"name": "Delivered", "description": "Bon appétit!", "type": 4}}, {"model": "orders.orderstatus", "pk": 7, "fields": {"name": "Cancelled", "description": "We'll try another day.", "type": 5}}, {"model": "orders.orderstatus", "pk": 9, "fields": {"name": "Refunded", "description": "We promise we'll do better next time.", "type": 4}}, {"model": "orders.orderstatus", "pk": 10, "fields": {"name": "Ready for pickup", "description": "Why don't you come over to our place and have a slice or eight?", "type": 4}}, {"model": "orders.orderpaymentmethod", "pk": 10, "fields": {"name": "Pay on pickup", "method": "pickup", "description": "We take cash, debit, credit, Apple Pay and Google Pay at our locations!"}}, {"model": "orders.orderpaymentmethod", "pk": 11, "fields": {"name": "Pay with card", "method": "card", "description": "If you pay now you get your pizza even faster!"}}, {"model": "orders.order", "pk": 14, "fields": {"cart": 37, "user": 1, "status": 7, "billing_name": "Bjarki Rafn Þórðarson", "billing_phone_number": null, "billing_address": "Æsufelll 4", "billing_city": "Reykjavik", "billing_postal_code": "111", "billing_country": 1, "payment_method": 10, "payment_card_name": "Bjarki Rafn Þórðarson", "payment_card_number": "1234123412341234", "payment_expiry_month": "12", "payment_expiry_year": "2024", "payment_cvc": "123"}}, {"model": "orders.order", "pk": 15, "fields": {"cart": 48, "user": 1, "status": 2, "billing_name": "Bjarki Rafn Þórðarson", "billing_phone_number": null, "billing_address": "Æsufelll 4", "billing_city": "Reykjavik", "billing_postal_code": "111", "billing_country": 1, "payment_method": 11, "payment_card_name": "Bjarki Rafn Þórðarson", "payment_card_number": "1234123412341234", "payment_expiry_month": "12", "payment_expiry_year": "2030", "payment_cvc": "123"}}, {"model": "orders.order", "pk": 16, "fields": {"cart": 50, "user": 1, "status": 1, "billing_name": null, "billing_phone_number": null, "billing_address": null, "billing_city": null, "billing_postal_code": null, "billing_country": null, "payment_method": null, "payment_card_name": null, "payment_card_number": null, "payment_expiry_month": null, "payment_expiry_year": null, "payment_cvc": null}}, {"model": "orders.order", "pk": 17, "fields": {"cart": 51, "user": 1, "status": 1, "billing_name": null, "billing_phone_number": null, "billing_address": null, "billing_city": null, "billing_postal_code": null, "billing_country": null, "payment_method": null, "payment_card_name": null, "payment_card_number": null, "payment_expiry_month": null, "payment_expiry_year": null, "payment_cvc": null}}, {"model": "orders.order", "pk": 18, "fields": {"cart": 52, "user": 1, "status": 1, "billing_name": null, "billing_phone_number": null, "billing_address": null, "billing_city": null, "billing_postal_code": null, "billing_country": null, "payment_method": 11, "payment_card_name": null, "payment_card_number": null, "payment_expiry_month": null, "payment_expiry_year": null, "payment_cvc": null}}, {"model": "orders.order", "pk": 20, "fields": {"cart": 54, "user": 1, "status": 2, "billing_name": "Bjarki Rafn Þórðarson", "billing_phone_number": null, "billing_address": "Æsufelll 4", "billing_city": "Reykjavik", "billing_postal_code": "111", "billing_country": 1, "payment_method": 11, "payment_card_name": "Bjarki Rafn Þórðarson", "payment_card_number": "1234123412341234", "payment_expiry_month": "12", "payment_expiry_year": "2024", "payment_cvc": "123"}}, {"model": "orders.order", "pk": 21, "fields": {"cart": 57, "user": 1, "status": 2, "billing_name": "poo", "billing_phone_number": null, "billing_address": "hghg", "billing_city": "jhjj", "billing_postal_code": "ki9", "billing_country": 1, "payment_method": 10, "payment_card_name": null, "payment_card_number": null, "payment_expiry_month": null, "payment_expiry_year": null, "payment_cvc": null}}, {"model": "orders.order", "pk": 22, "fields": {"cart": 67, "user": 1, "status": 2, "billing_name": "dade", "billing_phone_number": null, "billing_address": "address", "billing_city": "city", "billing_postal_code": "202", "billing_country": 1, "payment_method": 10, "payment_card_name": null, "payment_card_number": null, "payment_expiry_month": null, "payment_expiry_year": null, "payment_cvc": null}}, {"model": "orders.order", "pk": 23, "fields": {"cart": 55, "user": 1, "status": 2, "billing_name": "Bjarki Rafn Þórðarson", "billing_phone_number": null, "billing_address": "Æsufelll 4", "billing_city": "Reykjavik", "billing_postal_code": "111", "billing_country": 1, "payment_method": 10, "payment_card_name": null, "payment_card_number": null, "payment_expiry_month": null, "payment_expiry_year": null, "payment_cvc": null}}, {"model": "orders.order", "pk": 24, "fields": {"cart": 66, "user": 1, "status": 2, "billing_name": "Rebekke", "billing_phone_number": null, "billing_address": "Suðurgata 78", "billing_city": "Hafnarfjörður", "billing_postal_code": "220", "billing_country": 1, "payment_method": 11, "payment_card_name": "rebekka", "payment_card_number": "3453453453453455", "payment_expiry_month": "06", "payment_expiry_year": "2024", "payment_cvc": "789"}}, {"model": "orders.order", "pk": 25, "fields": {"cart": 69, "user": 1, "status": 1, "billing_name": null, "billing_phone_number": null, "billing_address": null, "billing_city": null, "billing_postal_code": null, "billing_country": null, "payment_method": null, "payment_card_name": null, "payment_card_number": null, "payment_expiry_month": null, "payment_expiry_year": null, "payment_cvc": null}}, {"model": "orders.order", "pk": 26, "fields": {"cart": 71, "user": 1, "status": 1, "billing_name": "Rebekka", "billing_phone_number": null, "billing_address": "Suðurgata 78", "billing_city": "Hafnarfjörður", "billing_postal_code": "220", "billing_country": 1, "payment_method": 11, "payment_card_name": "rebekka", "payment_card_number": "2342342342342342", "payment_expiry_month": "06", "payment_expiry_year": "2024", "payment_cvc": "456"}}, {"model": "orders.order", "pk": 27, "fields": {"cart": 72, "user": 1, "status": 2, "billing_name": "Bjarki Rafn Þórðarson", "billing_phone_number": null, "billing_address": "Æsufelll 4", "billing_city": "Reykjavik", "billing_postal_code": "111", "billing_country": 1, "payment_method": 10, "payment_card_name": null, "payment_card_number": null, "payment_expiry_month": null, "payment_expiry_year": null, "payment_cvc": null}}, {"model": "orders.order", "pk": 28, "fields": {"cart": 73, "user": 1, "status": 2, "billing_name": "Bjarki Rafn Þórðarson", "billing_phone_number": null, "billing_address": "Æsufelll 4", "billing_city": "Reykjavik", "billing_postal_code": "111", "billing_country": 1, "payment_method": 10, "payment_card_name": null, "payment_card_number": null, "payment_expiry_month": null, "payment_expiry_year": null, "payment_cvc": null}}, {"model": "orders.order", "pk": 29, "fields": {"cart": 74, "user": 1, "status": 2, "billing_name": "Bjarki Rafn Þórðarson", "billing_phone_number": null, "billing_address": "Æsufelll 4", "billing_city": "Reykjavik", "billing_postal_code": "111", "billing_country": 1, "payment_method": 11, "payment_card_name": "Bjarki Rafn Þórðarson", "payment_card_number": "1234123412341234", "payment_expiry_month": "12", "payment_expiry_year": "2024", "payment_cvc": "123"}}, {"model": "orders.order", "pk": 30, "fields": {"cart": 75, "user": 1, "status": 2, "billing_name": "Bjarki Rafn Þórðarson", "billing_phone_number": null, "billing_address": "Æsufelll 4", "billing_city": "Reykjavik", "billing_postal_code": "111", "billing_country": 1, "payment_method": 11, "payment_card_name": "Bjarki Rafn Þórðarson", "payment_card_number": "1234123412341234", "payment_expiry_month": "12", "payment_expiry_year": "2025", "payment_cvc": "123"}}, {"model": "orders.order", "pk": 31, "fields": {"cart": 78, "user": 1, "status": 2, "billing_name": "Bjarki Rafn Þórðarson", "billing_phone_number": null, "billing_address": "Æsufelll 4", "billing_city": "Reykjavik", "billing_postal_code": "111", "billing_country": 1, "payment_method": 10, "payment_card_name": "Bjarki Rafn Þórðarson", "payment_card_number": "1234123412341234", "payment_expiry_month": "12", "payment_expiry_year": "2025", "payment_cvc": "123"}}, {"model": "orders.order", "pk": 32, "fields": {"cart": 79, "user": 1, "status": 2, "billing_name": "asdf", "billing_phone_number": null, "billing_address": "asdf", "billing_city": "asdf", "billing_postal_code": "asdf", "billing_country": 1, "payment_method": 10, "payment_card_name": null, "payment_card_number": null, "payment_expiry_month": null, "payment_expiry_year": null, "payment_cvc": null}}, {"model": "orders.order", "pk": 33, "fields": {"cart": 81, "user": 11, "status": 2, "billing_name": "dade", "billing_phone_number": null, "billing_address": "adress", "billing_city": "city", "billing_postal_code": "code", "billing_country": 1, "payment_method": 10, "payment_card_name": null, "payment_card_number": null, "payment_expiry_month": null, "payment_expiry_year": null, "payment_cvc": null}}, {"model": "orders.order", "pk": 34, "fields": {"cart": 82, "user": 1, "status": 1, "billing_name": null, "billing_phone_number": null, "billing_address": null, "billing_city": null, "billing_postal_code": null, "billing_country": null, "payment_method": null, "payment_card_name": null, "payment_card_number": null, "payment_expiry_month": null, "payment_expiry_year": null, "payment_cvc": null}}, {"model": "orders.order", "pk": 35, "fields": {"cart": 88, "user": 1, "status": 1, "billing_name": null, "billing_phone_number": null, "billing_address": null, "billing_city": null, "billing_postal_code": null, "billing_country": null, "payment_method": null, "payment_card_name": null, "payment_card_number": null, "payment_expiry_month": null, "payment_expiry_year": null, "payment_cvc": null}}, {"model": "orders.order", "pk": 36, "fields": {"cart": 89, "user": 1, "status": 1, "billing_name": null, "billing_phone_number": null, "billing_address": null, "billing_city": null, "billing_postal_code": null, "billing_country": null, "payment_method": null, "payment_card_name": null, "payment_card_number": null, "payment_expiry_month": null, "payment_expiry_year": null, "payment_cvc": null}}, {"model": "orders.order", "pk": 37, "fields": {"cart": 91, "user": 1, "status": 2, "billing_name": "asdf", "billing_phone_number": "1231231", "billing_address": "asdf", "billing_city": "asdf", "billing_postal_code": "asdf", "billing_country": 1, "payment_method": 11, "payment_card_name": "Bjarki Rafn Þórðarson", "payment_card_number": "1234123412341234", "payment_expiry_month": "02", "payment_expiry_year": "2023", "payment_cvc": "321"}}, {"model": "orders.order", "pk": 38, "fields": {"cart": 94, "user": 1, "status": 2, "billing_name": "Bjarki Rafn Þórðarson", "billing_phone_number": "12341234", "billing_address": "Æsufell 4", "billing_city": "Reykjavík", "billing_postal_code": "111", "billing_country": 1, "payment_method": 11, "payment_card_name": "Bjarki Rafn Þórðarson", "payment_card_number": "1234123412341234", "payment_expiry_month": "01", "payment_expiry_year": "2025", "payment_cvc": "321"}}, {"model": "orders.order", "pk": 39, "fields": {"cart": 93, "user": 11, "status": 2, "billing_name": "Bjarki Rafn Þórðarson", "billing_phone_number": "8459982", "billing_address": "Æsufell 4", "billing_city": "Reykjavík", "billing_postal_code": "111", "billing_country": 1, "payment_method": 11, "payment_card_name": "Bjarki Rafn Þórðarson", "payment_card_number": "1234123412341234", "payment_expiry_month": "01", "payment_expiry_year": "2025", "payment_cvc": "123"}}, {"model": "orders.order", "pk": 40, "fields": {"cart": 96, "user": 1, "status": 2, "billing_name": "Bjarki Rafn Þórðarson", "billing_phone_number": "1234567", "billing_address": "Æsufell 4", "billing_city": "Reykjavík", "billing_postal_code": "111", "billing_country": 1, "payment_method": 11, "payment_card_name": "Bjarki Rafn Þórðarson", "payment_card_number": "1234123412341234", "payment_expiry_month": "01", "payment_expiry_year": "2024", "payment_cvc": "123"}}, {"model": "orders.order", "pk": 41, "fields": {"cart": 100, "user": 23, "status": 2, "billing_name": "Arnar Leifsson", "billing_phone_number": "7777777", "billing_address": "Menntavegur 1", "billing_city": "Reykjavik", "billing_postal_code": "101", "billing_country": 1, "payment_method": 11, "payment_card_name": "Arnar Leifsson", "payment_card_number": "4929182262482686", "payment_expiry_month": "10", "payment_expiry_year": "2028", "payment_cvc": "648"}}, {"model": "orders.order", "pk": 42, "fields": {"cart": 101, "user": 23, "status": 2, "billing_name": "Arnar Leifsson", "billing_phone_number": "7777777", "billing_address": "Menntavegur 1", "billing_city": "Reykjavik", "billing_postal_code": "101", "billing_country": 1, "payment_method": 10, "payment_card_name": null, "payment_card_number": null, "payment_expiry_month": null, "payment_expiry_year": null, "payment_cvc": null}}, {"model": "orders.order", "pk": 43, "fields": {"cart": 102, "user": 24, "status": 2, "billing_name": "Gunna Jónsdóttir", "billing_phone_number": "7777777", "billing_address": "Séstvallagötu 18", "billing_city": "Reykjavík", "billing_postal_code": "107", "billing_country": 1, "payment_method": 11, "payment_card_name": "Gunna Jónsdóttir", "payment_card_number": "1234987654326789", "payment_expiry_month": "01", "payment_expiry_year": "2025", "payment_cvc": "321"}}, {"model": "cart.cart", "pk": 36, "fields": {"created_at": "2023-05-10"}}, {"model": "cart.cart", "pk": 37, "fields": {"created_at": "2023-05-10"}}, {"model": "cart.cart", "pk": 48, "fields": {"created_at": "2023-05-11"}}, {"model": "cart.cart", "pk": 50, "fields": {"created_at": "2023-05-11"}}, {"model": "cart.cart", "pk": 51, "fields": {"created_at": "2023-05-11"}}, {"model": "cart.cart", "pk": 52, "fields": {"created_at": "2023-05-11"}}, {"model": "cart.cart", "pk": 54, "fields": {"created_at": "2023-05-11"}}, {"model": "cart.cart", "pk": 55, "fields": {"created_at": "2023-05-11"}}, {"model": "cart.cart", "pk": 57, "fields": {"created_at": "2023-05-11"}}, {"model": "cart.cart", "pk": 58, "fields": {"created_at": "2023-05-11"}}, {"model": "cart.cart", "pk": 59, "fields": {"created_at": "2023-05-11"}}, {"model": "cart.cart", "pk": 60, "fields": {"created_at": "2023-05-11"}}, {"model": "cart.cart", "pk": 61, "fields": {"created_at": "2023-05-11"}}, {"model": "cart.cart", "pk": 64, "fields": {"created_at": "2023-05-11"}}, {"model": "cart.cart", "pk": 66, "fields": {"created_at": "2023-05-11"}}, {"model": "cart.cart", "pk": 67, "fields": {"created_at": "2023-05-11"}}, {"model": "cart.cart", "pk": 68, "fields": {"created_at": "2023-05-11"}}, {"model": "cart.cart", "pk": 69, "fields": {"created_at": "2023-05-11"}}, {"model": "cart.cart", "pk": 71, "fields": {"created_at": "2023-05-11"}}, {"model": "cart.cart", "pk": 72, "fields": {"created_at": "2023-05-11"}}, {"model": "cart.cart", "pk": 73, "fields": {"created_at": "2023-05-12"}}, {"model": "cart.cart", "pk": 74, "fields": {"created_at": "2023-05-12"}}, {"model": "cart.cart", "pk": 75, "fields": {"created_at": "2023-05-12"}}, {"model": "cart.cart", "pk": 78, "fields": {"created_at": "2023-05-12"}}, {"model": "cart.cart", "pk": 79, "fields": {"created_at": "2023-05-12"}}, {"model": "cart.cart", "pk": 81, "fields": {"created_at": "2023-05-12"}}, {"model": "cart.cart", "pk": 82, "fields": {"created_at": "2023-05-12"}}, {"model": "cart.cart", "pk": 83, "fields": {"created_at": "2023-05-12"}}, {"model": "cart.cart", "pk": 84, "fields": {"created_at": "2023-05-12"}}, {"model": "cart.cart", "pk": 85, "fields": {"created_at": "2023-05-12"}}, {"model": "cart.cart", "pk": 86, "fields": {"created_at": "2023-05-12"}}, {"model": "cart.cart", "pk": 87, "fields": {"created_at": "2023-05-12"}}, {"model": "cart.cart", "pk": 88, "fields": {"created_at": "2023-05-12"}}, {"model": "cart.cart", "pk": 89, "fields": {"created_at": "2023-05-12"}}, {"model": "cart.cart", "pk": 91, "fields": {"created_at": "2023-05-12"}}, {"model": "cart.cart", "pk": 93, "fields": {"created_at": "2023-05-12"}}, {"model": "cart.cart", "pk": 94, "fields": {"created_at": "2023-05-12"}}, {"model": "cart.cart", "pk": 96, "fields": {"created_at": "2023-05-12"}}, {"model": "cart.cart", "pk": 97, "fields": {"created_at": "2023-05-12"}}, {"model": "cart.cart", "pk": 100, "fields": {"created_at": "2023-05-18"}}, {"model": "cart.cart", "pk": 101, "fields": {"created_at": "2023-05-18"}}, {"model": "cart.cart", "pk": 102, "fields": {"created_at": "2023-05-21"}}, {"model": "cart.cart", "pk": 103, "fields": {"created_at": "2023-05-21"}}, {"model": "cart.cartitem", "pk": 49, "fields": {"name": "Dragon's Fury", "quantity": 1, "item_price": 12999, "item_loyalty_points_bonus": 0, "pay_with_loyalty_points": false, "cart": 36}}, {"model": "cart.cartitem", "pk": 50, "fields": {"name": "Dragon's Fury", "quantity": 3, "item_price": 12999, "item_loyalty_points_bonus": 0, "pay_with_loyalty_points": false, "cart": 37}}, {"model": "cart.cartitem", "pk": 90, "fields": {"name": "Dragon's Fury", "quantity": 1, "item_price": 12999, "item_loyalty_points_bonus": 0, "pay_with_loyalty_points": false, "cart": 48}}, {"model": "cart.cartitem", "pk": 91, "fields": {"name": "Lair of the Beast", "quantity": 1, "item_price": 14999, "item_loyalty_points_bonus": 0, "pay_with_loyalty_points": false, "cart": 48}}, {"model": "cart.cartitem", "pk": 93, "fields": {"name": "Dragon's Fury", "quantity": 2, "item_price": 12999, "item_loyalty_points_bonus": 0, "pay_with_loyalty_points": false, "cart": 50}}, {"model": "cart.cartitem", "pk": 94, "fields": {"name": "Enchanted Dragon Fire", "quantity": 1, "item_price": 13999, "item_loyalty_points_bonus": 0, "pay_with_loyalty_points": false, "cart": 50}}, {"model": "cart.cartitem", "pk": 95, "fields": {"name": "Fiery Date Night", "quantity": 14, "item_price": 13999, "item_loyalty_points_bonus": 0, "pay_with_loyalty_points": false, "cart": 50}}, {"model": "cart.cartitem", "pk": 96, "fields": {"name": "Ogre's breakfast", "quantity": 1, "item_price": 12999, "item_loyalty_points_bonus": 0, "pay_with_loyalty_points": false, "cart": 50}}, {"model": "cart.cartitem", "pk": 97, "fields": {"name": "The Pined ham", "quantity": 1, "item_price": 10999, "item_loyalty_points_bonus": 0, "pay_with_loyalty_points": false, "cart": 50}}, {"model": "cart.cartitem", "pk": 98, "fields": {"name": "Family Deal - 1x Lair of the Beast, MIX, Inferno's Fury", "quantity": 3, "item_price": 7990, "item_loyalty_points_bonus": 0, "pay_with_loyalty_points": false, "cart": 50}}, {"model": "cart.cartitem", "pk": 99, "fields": {"name": "Pizza plushie", "quantity": 1, "item_price": 0, "item_loyalty_points_bonus": 0, "pay_with_loyalty_points": false, "cart": 50}}, {"model": "cart.cartitem", "pk": 100, "fields": {"name": "Game Night - 1x Lair of the Beast, Pepsi, Enchanted Ember Wings(BBQ)", "quantity": 1, "item_price": 7999, "item_loyalty_points_bonus": 0, "pay_with_loyalty_points": false, "cart": 51}}, {"model": "cart.cartitem", "pk": 101, "fields": {"name": "Dragon's Fury", "quantity": 8, "item_price": 12999, "item_loyalty_points_bonus": 0, "pay_with_loyalty_points": false, "cart": 52}}, {"model": "cart.cartitem", "pk": 103, "fields": {"name": "Dragon's Fury", "quantity": 1, "item_price": 12999, "item_loyalty_points_bonus": 0, "pay_with_loyalty_points": false, "cart": 54}}, {"model": "cart.cartitem", "pk": 104, "fields": {"name": "Family Deal - 1x Pepsi, Mystic Mushroom, Siren's Song", "quantity": 1, "item_price": 7990, "item_loyalty_points_bonus": 0, "pay_with_loyalty_points": false, "cart": 54}}, {"model": "cart.cartitem", "pk": 105, "fields": {"name": "Game Night - 1x Enchanted Ember Wings(Hot sauce), Siren's Song, Kristall", "quantity": 1, "item_price": 7999, "item_loyalty_points_bonus": 0, "pay_with_loyalty_points": false, "cart": 54}}, {"model": "cart.cartitem", "pk": 106, "fields": {"name": "Dragon's Fury", "quantity": 2, "item_price": 12999, "item_loyalty_points_bonus": 0, "pay_with_loyalty_points": false, "cart": 55}}, {"model": "cart.cartitem", "pk": 107, "fields": {"name": "Family Deal - 1x Lair of the Beast, Pepsi, Garden Madness, The Pined ham", "quantity": 3, "item_price": 7990, "item_loyalty_points_bonus": 0, "pay_with_loyalty_points": false, "cart": 55}}, {"model": "cart.cartitem", "pk": 108, "fields": {"name": "Family Deal - 1x Lair of the Beast, Pepsi, Garden Madness, The Pined ham", "quantity": 5, "item_price": 7990, "item_loyalty_points_bonus": 0, "pay_with_loyalty_points": false, "cart": 55}}, {"model": "cart.cartitem", "pk": 109, "fields": {"name": "Pizza - pin", "quantity": 3, "item_price": 0, "item_loyalty_points_bonus": 0, "pay_with_loyalty_points": false, "cart": 55}}, {"model": "cart.cartitem", "pk": 110, "fields": {"name": "Fiery Date Night", "quantity": 3, "item_price": 13999, "item_loyalty_points_bonus": 0, "pay_with_loyalty_points": false, "cart": 55}}, {"model": "cart.cartitem", "pk": 115, "fields": {"name": "Enchanted Dragon Fire", "quantity": 1, "item_price": 13999, "item_loyalty_points_bonus": 0, "pay_with_loyalty_points": false, "cart": 57}}, {"model": "cart.cartitem", "pk": 116, "fields": {"name": "Dragon's Fury", "quantity": 1, "item_price": 12999, "item_loyalty_points_bonus": 0, "pay_with_loyalty_points": false, "cart": 61}}, {"model": "cart.cartitem", "pk": 120, "fields": {"name": "Dragon's Fury", "quantity": 1, "item_price": 12999, "item_loyalty_points_bonus": 0, "pay_with_loyalty_points": false, "cart": 64}}, {"model": "cart.cartitem", "pk": 124, "fields": {"name": "Enchanted Dragon Fire", "quantity": 2, "item_price": 13999, "item_loyalty_points_bonus": 0, "pay_with_loyalty_points": false, "cart": 55}}, {"model": "cart.cartitem", "pk": 125, "fields": {"name": "Dragon's Fury", "quantity": 2, "item_price": 12999, "item_loyalty_points_bonus": 100, "pay_with_loyalty_points": false, "cart": 55}}, {"model": "cart.cartitem", "pk": 127, "fields": {"name": "Dragon's Fury", "quantity": 1, "item_price": 12999, "item_loyalty_points_bonus": 100, "pay_with_loyalty_points": false, "cart": 66}}, {"model": "cart.cartitem", "pk": 128, "fields": {"name": "Game Night - Lair of the Beast, Pepsi, Enchanted Ember Wings(BBQ)", "quantity": 1, "item_price": 7999, "item_loyalty_points_bonus": 200, "pay_with_loyalty_points": false, "cart": 66}}, {"model": "cart.cartitem", "pk": 129, "fields": {"name": "Dragon's Fury", "quantity": 1, "item_price": 12999, "item_loyalty_points_bonus": 100, "pay_with_loyalty_points": false, "cart": 67}}, {"model": "cart.cartitem", "pk": 130, "fields": {"name": "Enchanted Ember Wings(Hot sauce)", "quantity": 1, "item_price": 5000, "item_loyalty_points_bonus": 70, "pay_with_loyalty_points": false, "cart": 67}}, {"model": "cart.cartitem", "pk": 131, "fields": {"name": "Dragon's Fury", "quantity": 1, "item_price": 12999, "item_loyalty_points_bonus": 100, "pay_with_loyalty_points": false, "cart": 55}}, {"model": "cart.cartitem", "pk": 132, "fields": {"name": "Fiery Date Night", "quantity": 3, "item_price": 13999, "item_loyalty_points_bonus": 100, "pay_with_loyalty_points": false, "cart": 69}}, {"model": "cart.cartitem", "pk": 133, "fields": {"name": "Fiery Date Night", "quantity": 3, "item_price": 13999, "item_loyalty_points_bonus": 100, "pay_with_loyalty_points": false, "cart": 69}}, {"model": "cart.cartitem", "pk": 134, "fields": {"name": "Enchanted Dragon Fire", "quantity": 4, "item_price": 13999, "item_loyalty_points_bonus": 90, "pay_with_loyalty_points": false, "cart": 69}}, {"model": "cart.cartitem", "pk": 137, "fields": {"name": "Dragon's Fury", "quantity": 1, "item_price": 12999, "item_loyalty_points_bonus": 100, "pay_with_loyalty_points": false, "cart": 71}}, {"model": "cart.cartitem", "pk": 141, "fields": {"name": "Enchanted Dragon Fire", "quantity": 6, "item_price": 13999, "item_loyalty_points_bonus": 90, "pay_with_loyalty_points": false, "cart": 72}}, {"model": "cart.cartitem", "pk": 145, "fields": {"name": "Dragon's Fury", "quantity": 8, "item_price": 12999, "item_loyalty_points_bonus": 100, "pay_with_loyalty_points": false, "cart": 72}}, {"model": "cart.cartitem", "pk": 147, "fields": {"name": "Pizza - pin", "quantity": 2, "item_price": 1150, "item_loyalty_points_bonus": 0, "pay_with_loyalty_points": true, "cart": 72}}, {"model": "cart.cartitem", "pk": 148, "fields": {"name": "Dragon's Fury", "quantity": 2, "item_price": 12999, "item_loyalty_points_bonus": 100, "pay_with_loyalty_points": false, "cart": 73}}, {"model": "cart.cartitem", "pk": 149, "fields": {"name": "Pizza - pin", "quantity": 1, "item_price": 1150, "item_loyalty_points_bonus": 0, "pay_with_loyalty_points": true, "cart": 73}}, {"model": "cart.cartitem", "pk": 150, "fields": {"name": "Dragon's Fury", "quantity": 2, "item_price": 12999, "item_loyalty_points_bonus": 100, "pay_with_loyalty_points": false, "cart": 74}}, {"model": "cart.cartitem", "pk": 151, "fields": {"name": "Pizza - pin", "quantity": 1, "item_price": 1150, "item_loyalty_points_bonus": 0, "pay_with_loyalty_points": true, "cart": 74}}, {"model": "cart.cartitem", "pk": 152, "fields": {"name": "Game Night - Lair of the Beast, Appelsin, Enchanted Ember Wings(BBQ)", "quantity": 5, "item_price": 7999, "item_loyalty_points_bonus": 200, "pay_with_loyalty_points": false, "cart": 75}}, {"model": "cart.cartitem", "pk": 153, "fields": {"name": "Family Deal - Mystic Mushroom, Appelsin, Inferno's Fury, Enchanted Dragon Fire", "quantity": 3, "item_price": 7990, "item_loyalty_points_bonus": 150, "pay_with_loyalty_points": false, "cart": 75}}, {"model": "cart.cartitem", "pk": 156, "fields": {"name": "Dragon's Fury", "quantity": 4, "item_price": 12999, "item_loyalty_points_bonus": 100, "pay_with_loyalty_points": false, "cart": 78}}, {"model": "cart.cartitem", "pk": 157, "fields": {"name": "Pizza - pin", "quantity": 1, "item_price": 1150, "item_loyalty_points_bonus": 0, "pay_with_loyalty_points": true, "cart": 78}}, {"model": "cart.cartitem", "pk": 158, "fields": {"name": "Dragon's Fury", "quantity": 1, "item_price": 12999, "item_loyalty_points_bonus": 100, "pay_with_loyalty_points": false, "cart": 79}}, {"model": "cart.cartitem", "pk": 160, "fields": {"name": "Appelsin", "quantity": 1, "item_price": 3000, "item_loyalty_points_bonus": 25, "pay_with_loyalty_points": false, "cart": 81}}, {"model": "cart.cartitem", "pk": 161, "fields": {"name": "Game Night - Mystic Mushroom, Enchanted Ember Wings(Hot sauce), MIX", "quantity": 1, "item_price": 7999, "item_loyalty_points_bonus": 200, "pay_with_loyalty_points": false, "cart": 81}}, {"model": "cart.cartitem", "pk": 162, "fields": {"name": "Pizza - pin", "quantity": 1, "item_price": 1150, "item_loyalty_points_bonus": 0, "pay_with_loyalty_points": true, "cart": 81}}, {"model": "cart.cartitem", "pk": 163, "fields": {"name": "Game Night - Dragon's Fury, Golden Elegance, MIX", "quantity": 2, "item_price": 7999, "item_loyalty_points_bonus": 200, "pay_with_loyalty_points": false, "cart": 82}}, {"model": "cart.cartitem", "pk": 164, "fields": {"name": "Dragon's Fury", "quantity": 1, "item_price": 12999, "item_loyalty_points_bonus": 100, "pay_with_loyalty_points": false, "cart": 83}}, {"model": "cart.cartitem", "pk": 165, "fields": {"name": "Dragon's Fury", "quantity": 1, "item_price": 12999, "item_loyalty_points_bonus": 100, "pay_with_loyalty_points": false, "cart": 88}}, {"model": "cart.cartitem", "pk": 166, "fields": {"name": "Puff the Dragon", "quantity": 1, "item_price": 15000, "item_loyalty_points_bonus": 0, "pay_with_loyalty_points": true, "cart": 88}}, {"model": "cart.cartitem", "pk": 167, "fields": {"name": "Enchanted Dragon Fire", "quantity": 1, "item_price": 13999, "item_loyalty_points_bonus": 90, "pay_with_loyalty_points": false, "cart": 89}}, {"model": "cart.cartitem", "pk": 169, "fields": {"name": "Family Deal - MIX, Ogre's breakfast, Enchanted Dragon Fire, Garden Madness", "quantity": 4, "item_price": 7990, "item_loyalty_points_bonus": 150, "pay_with_loyalty_points": false, "cart": 91}}, {"model": "cart.cartitem", "pk": 170, "fields": {"name": "Mystic Mushroom", "quantity": 1, "item_price": 12999, "item_loyalty_points_bonus": 100, "pay_with_loyalty_points": false, "cart": 91}}, {"model": "cart.cartitem", "pk": 171, "fields": {"name": "Game Night - Dragon's Fury, Enchanted Ember Wings(Hot sauce), Pepsi", "quantity": 13, "item_price": 7999, "item_loyalty_points_bonus": 200, "pay_with_loyalty_points": false, "cart": 91}}, {"model": "cart.cartitem", "pk": 172, "fields": {"name": "Game Night - Appelsin, Enchanted Ember Wings(BBQ), Ogre's breakfast", "quantity": 9, "item_price": 7999, "item_loyalty_points_bonus": 200, "pay_with_loyalty_points": false, "cart": 91}}, {"model": "cart.cartitem", "pk": 177, "fields": {"name": "Dragon's Fury", "quantity": 1, "item_price": 12999, "item_loyalty_points_bonus": 100, "pay_with_loyalty_points": false, "cart": 94}}, {"model": "cart.cartitem", "pk": 179, "fields": {"name": "Puff the Dragon - pin", "quantity": 1, "item_price": 1500, "item_loyalty_points_bonus": 0, "pay_with_loyalty_points": true, "cart": 94}}, {"model": "cart.cartitem", "pk": 180, "fields": {"name": "Family Deal - Lair of the Beast, Dragon's Fury, 7-UP", "quantity": 2, "item_price": 24999, "item_loyalty_points_bonus": 150, "pay_with_loyalty_points": false, "cart": 93}}, {"model": "cart.cartitem", "pk": 181, "fields": {"name": "Dragon's Fury", "quantity": 2, "item_price": 12999, "item_loyalty_points_bonus": 100, "pay_with_loyalty_points": false, "cart": 93}}, {"model": "cart.cartitem", "pk": 182, "fields": {"name": "Puff the Dragon - Onesie", "quantity": 1, "item_price": 75000, "item_loyalty_points_bonus": 0, "pay_with_loyalty_points": true, "cart": 93}}, {"model": "cart.cartitem", "pk": 185, "fields": {"name": "Dragon's Fury", "quantity": 1, "item_price": 12999, "item_loyalty_points_bonus": 100, "pay_with_loyalty_points": false, "cart": 96}}, {"model": "cart.cartitem", "pk": 186, "fields": {"name": "Family Deal - Mystic Mushroom, Kristall, Enchanted Dragon Fire", "quantity": 31, "item_price": 24999, "item_loyalty_points_bonus": 150, "pay_with_loyalty_points": false, "cart": 97}}, {"model": "cart.cartitem", "pk": 187, "fields": {"name": "Game Night - Golden Elegance, Pepsi, Enchanted Dragon Fire", "quantity": 1, "item_price": 20999, "item_loyalty_points_bonus": 200, "pay_with_loyalty_points": false, "cart": 97}}, {"model": "cart.cartitem", "pk": 188, "fields": {"name": "Dragon's Fury", "quantity": 1, "item_price": 12999, "item_loyalty_points_bonus": 100, "pay_with_loyalty_points": false, "cart": 97}}, {"model": "cart.cartitem", "pk": 192, "fields": {"name": "Enchanted Dragon Fire", "quantity": 1, "item_price": 13999, "item_loyalty_points_bonus": 90, "pay_with_loyalty_points": false, "cart": 100}}, {"model": "cart.cartitem", "pk": 193, "fields": {"name": "Family Deal - Siren's Song, Dragon's Fury, Pepsi", "quantity": 1000, "item_price": 24999, "item_loyalty_points_bonus": 150, "pay_with_loyalty_points": false, "cart": 101}}, {"model": "cart.cartitem", "pk": 194, "fields": {"name": "Enchanted Dragon Fire", "quantity": 1, "item_price": 13999, "item_loyalty_points_bonus": 90, "pay_with_loyalty_points": false, "cart": 102}}, {"model": "cart.cartitem", "pk": 195, "fields": {"name": "Game Night - Siren's Song, Enchanted Ember Wings(Hot sauce), Kristall", "quantity": 1, "item_price": 20999, "item_loyalty_points_bonus": 200, "pay_with_loyalty_points": false, "cart": 102}}, {"model": "cart.cartitem", "pk": 196, "fields": {"name": "Puff the Dragon - sticker", "quantity": 1, "item_price": 900, "item_loyalty_points_bonus": 0, "pay_with_loyalty_points": true, "cart": 103}}, {"model": "cart.cartproductitem", "pk": 49, "fields": {"product": 1}}, {"model": "cart.cartproductitem", "pk": 50, "fields": {"product": 1}}, {"model": "cart.cartproductitem", "pk": 90, "fields": {"product": 1}}, {"model": "cart.cartproductitem", "pk": 91, "fields": {"product": 3}}, {"model": "cart.cartproductitem", "pk": 93, "fields": {"product": 1}}, {"model": "cart.cartproductitem", "pk": 94, "fields": {"product": 29}}, {"model": "cart.cartproductitem", "pk": 95, "fields": {"product": 32}}, {"model": "cart.cartproductitem", "pk": 96, "fields": {"product": 5}}, {"model": "cart.cartproductitem", "pk": 97, "fields": {"product": 30}}, {"model": "cart.cartproductitem", "pk": 99, "fields": {"product": 21}}, {"model": "cart.cartproductitem", "pk": 101, "fields": {"product": 1}}, {"model": "cart.cartproductitem", "pk": 103, "fields": {"product": 1}}, {"model": "cart.cartproductitem", "pk": 106, "fields": {"product": 1}}, {"model": "cart.cartproductitem", "pk": 109, "fields": {"product": 25}}, {"model": "cart.cartproductitem", "pk": 110, "fields": {"product": 32}}, {"model": "cart.cartproductitem", "pk": 115, "fields": {"product": 29}}, {"model": "cart.cartproductitem", "pk": 116, "fields": {"product": 1}}, {"model": "cart.cartproductitem", "pk": 120, "fields": {"product": 1}}, {"model": "cart.cartproductitem", "pk": 124, "fields": {"product": 29}}, {"model": "cart.cartproductitem", "pk": 125, "fields": {"product": 1}}, {"model": "cart.cartproductitem", "pk": 127, "fields": {"product": 1}}, {"model": "cart.cartproductitem", "pk": 129, "fields": {"product": 1}}, {"model": "cart.cartproductitem", "pk": 130, "fields": {"product": 15}}, {"model": "cart.cartproductitem", "pk": 131, "fields": {"product": 1}}, {"model": "cart.cartproductitem", "pk": 132, "fields": {"product": 32}}, {"model": "cart.cartproductitem", "pk": 133, "fields": {"product": 32}}, {"model": "cart.cartproductitem", "pk": 134, "fields": {"product": 29}}, {"model": "cart.cartproductitem", "pk": 137, "fields": {"product": 1}}, {"model": "cart.cartproductitem", "pk": 141, "fields": {"product": 29}}, {"model": "cart.cartproductitem", "pk": 145, "fields": {"product": 1}}, {"model": "cart.cartproductitem", "pk": 147, "fields": {"product": 25}}, {"model": "cart.cartproductitem", "pk": 148, "fields": {"product": 1}}, {"model": "cart.cartproductitem", "pk": 149, "fields": {"product": 25}}, {"model": "cart.cartproductitem", "pk": 150, "fields": {"product": 1}}, {"model": "cart.cartproductitem", "pk": 151, "fields": {"product": 25}}, {"model": "cart.cartproductitem", "pk": 156, "fields": {"product": 1}}, {"model": "cart.cartproductitem", "pk": 157, "fields": {"product": 25}}, {"model": "cart.cartproductitem", "pk": 158, "fields": {"product": 1}}, {"model": "cart.cartproductitem", "pk": 160, "fields": {"product": 13}}, {"model": "cart.cartproductitem", "pk": 162, "fields": {"product": 25}}, {"model": "cart.cartproductitem", "pk": 164, "fields": {"product": 1}}, {"model": "cart.cartproductitem", "pk": 165, "fields": {"product": 1}}, {"model": "cart.cartproductitem", "pk": 166, "fields": {"product": 18}}, {"model": "cart.cartproductitem", "pk": 167, "fields": {"product": 29}}, {"model": "cart.cartproductitem", "pk": 170, "fields": {"product": 4}}, {"model": "cart.cartproductitem", "pk": 177, "fields": {"product": 1}}, {"model": "cart.cartproductitem", "pk": 179, "fields": {"product": 23}}, {"model": "cart.cartproductitem", "pk": 181, "fields": {"product": 1}}, {"model": "cart.cartproductitem", "pk": 182, "fields": {"product": 22}}, {"model": "cart.cartproductitem", "pk": 185, "fields": {"product": 1}}, {"model": "cart.cartproductitem", "pk": 188, "fields": {"product": 1}}, {"model": "cart.cartproductitem", "pk": 192, "fields": {"product": 29}}, {"model": "cart.cartproductitem", "pk": 194, "fields": {"product": 29}}, {"model": "cart.cartproductitem", "pk": 196, "fields": {"product": 19}}, {"model": "cart.cartofferitem", "pk": 98, "fields": {"offer": 66}}, {"model": "cart.cartofferitem", "pk": 100, "fields": {"offer": 67}}, {"model": "cart.cartofferitem", "pk": 104, "fields": {"offer": 69}}, {"model": "cart.cartofferitem", "pk": 105, "fields": {"offer": 70}}, {"model": "cart.cartofferitem", "pk": 107, "fields": {"offer": 71}}, {"model": "cart.cartofferitem", "pk": 108, "fields": {"offer": 72}}, {"model": "cart.cartofferitem", "pk": 128, "fields": {"offer": 76}}, {"model": "cart.cartofferitem", "pk": 152, "fields": {"offer": 77}}, {"model": "cart.cartofferitem", "pk": 153, "fields": {"offer": 78}}, {"model": "cart.cartofferitem", "pk": 161, "fields": {"offer": 80}}, {"model": "cart.cartofferitem", "pk": 163, "fields": {"offer": 81}}, {"model": "cart.cartofferitem", "pk": 169, "fields": {"offer": 82}}, {"model": "cart.cartofferitem", "pk": 171, "fields": {"offer": 83}}, {"model": "cart.cartofferitem", "pk": 172, "fields": {"offer": 84}}, {"model": "cart.cartofferitem", "pk": 180, "fields": {"offer": 86}}, {"model": "cart.cartofferitem", "pk": 186, "fields": {"offer": 87}}, {"model": "cart.cartofferitem", "pk": 187, "fields": {"offer": 88}}, {"model": "cart.cartofferitem", "pk": 193, "fields": {"offer": 89}}, {"model": "cart.cartofferitem", "pk": 195, "fields": {"offer": 90}}, {"model": "users.user", "pk": 1, "fields": {"password": "pbkdf2_sha256$600000$5LWLW3PWjbrlR9J2oFZ0qC$/lDewLC6e3+3Jsc1HxYTmheJG9AZCF71FvHGn/nxoik=", "last_login": "2023-05-21T20:02:46.480Z", "is_superuser": true, "username": "admin", "first_name": "", "last_name": "", "email": "admin@admin.invalid", "is_staff": true, "is_active": true, "date_joined": "2023-05-06T15:49:15Z", "loyalty_points": 4650, "profile_picture": "profile_pics/i-love-admin-badges-400x400.jpg", "groups": [], "user_permissions": []}}, {"model": "users.user", "pk": 2, "fields": {"password": "pbkdf2_sha256$600000$C4UTKiv8WmxDRMuKYutvHl$9abuVch2pS5sqsCuEAgKpN+OYGqUKpIzdwwZeCnuy8A=", "last_login": "2023-05-07T11:46:24.600Z", "is_superuser": false, "username": "kisi", "first_name": "", "last_name": "", "email": "", "is_staff": false, "is_active": true, "date_joined": "2023-05-06T15:56:34.384Z", "loyalty_points": 0, "profile_picture": "https://cdn.pixabay.com/photo/2015/10/05/22/37/blank-profile-picture-973460_1280.png", "groups": [], "user_permissions": []}}, {"model": "users.user", "pk": 11, "fields": {"password": "pbkdf2_sha256$600000$Fe7f3S1QzKS9wZjzfegPhO$Am0JoGTx+kbgwlzC+8M7kFKjJ00weENlJEIGkr5hWkk=", "last_login": "2023-05-12T23:00:05.749Z", "is_superuser": false, "username": "Dade", "first_name": "", "last_name": "", "email": "", "is_staff": false, "is_active": true, "date_joined": "2023-05-08T09:01:25Z", "loyalty_points": 80000, "profile_picture": "profile_pics/WIN_20221130_13_03_43_Pro.jpg", "groups": [], "user_permissions": []}}, {"model": "users.user", "pk": 14, "fields": {"password": "pbkdf2_sha256$600000$pjxofxVkmHORRISKaFz9OH$c1Yu6I6x9f9vPATGe3TWEsiRwl/pJj5yi7W3CJdBG6U=", "last_login": null, "is_superuser": false, "username": "usernames", "first_name": "", "last_name": "", "email": "", "is_staff": false, "is_active": true, "date_joined": "2023-05-12T11:17:12.154Z", "loyalty_points": 0, "profile_picture": "blank-profile-picture.webp", "groups": [], "user_permissions": []}}, {"model": "users.user", "pk": 16, "fields": {"password": "pbkdf2_sha256$600000$02ASp6xzDX8bvUQie0rwxK$7ECK/X80br/QH3CTEqNKiTeG4HPeIhYhrQnX0fi4tl0=", "last_login": "2023-05-12T14:17:23.576Z", "is_superuser": false, "username": "Rebekkaloga", "first_name": "", "last_name": "", "email": "", "is_staff": false, "is_active": true, "date_joined": "2023-05-12T14:17:05.034Z", "loyalty_points": 0, "profile_picture": "profile_pics/th-513777532_YmJylsQ.jpg", "groups": [], "user_permissions": []}}, {"model": "users.user", "pk": 17, "fields": {"password": "pbkdf2_sha256$600000$iKe4lsIvrlR7EAfOdqQe0A$jO7qhK2zNeTjBaooFYy1SXTU+trqKsA1gISejWYpmnM=", "last_login": "2023-05-12T14:23:10.216Z", "is_superuser": false, "username": "Rebekkal", "first_name": "", "last_name": "", "email": "", "is_staff": false, "is_active": true, "date_joined": "2023-05-12T14:22:55.810Z", "loyalty_points": 0, "profile_picture": "profile_pics/th-513777532_ZGaBO9T.jpg", "groups": [], "user_permissions": []}}, {"model": "users.user", "pk": 18, "fields": {"password": "realyhardpassword", "last_login": "2023-05-12T21:58:56Z", "is_superuser": false, "username": "Enrique", "first_name": "", "last_name": "", "email": "", "is_staff": false, "is_active": true, "date_joined": "2023-05-12T21:58:39Z", "loyalty_points": 250, "profile_picture": "profile_pics/undefined.jpg", "groups": [], "user_permissions": []}}, {"model": "users.user", "pk": 19, "fields": {"password": "realeasypassword", "last_login": "2023-05-12T22:02:13Z", "is_superuser": false, "username": "Hall", "first_name": "", "last_name": "", "email": "", "is_staff": false, "is_active": true, "date_joined": "2023-05-12T22:01:58Z", "loyalty_points": 1000, "profile_picture": "profile_pics/undefined1.jpg", "groups": [], "user_permissions": []}}, {"model": "users.user", "pk": 20, "fields": {"password": "mediumhardpassword", "last_login": "2023-05-12T22:03:05Z", "is_superuser": false, "username": "Robert", "first_name": "", "last_name": "", "email": "", "is_staff": false, "is_active": true, "date_joined": "2023-05-12T22:02:43Z", "loyalty_points": 10000, "profile_picture": "profile_pics/undefined2.jpg", "groups": [], "user_permissions": []}}, {"model": "users.user", "pk": 21, "fields": {"password": "Ilovepizza67", "last_login": "2023-05-12T22:07:38Z", "is_superuser": false, "username": "PizzaLover67", "first_name": "", "last_name": "", "email": "", "is_staff": false, "is_active": true, "date_joined": "2023-05-12T22:07:11Z", "loyalty_points": 13500, "profile_picture": "profile_pics/undefined3.jpg", "groups": [], "user_permissions": []}}, {"model": "users.user", "pk": 22, "fields": {"password": "PizzaIsMylife420", "last_login": null, "is_superuser": false, "username": "FeedmePizza", "first_name": "", "last_name": "", "email": "", "is_staff": false, "is_active": true, "date_joined": "2023-05-12T22:10:20Z", "loyalty_points": 6900, "profile_picture": "profile_pics/undefined4.jpg", "groups": [], "user_permissions": []}}, {"model": "users.user", "pk": 23, "fields": {"password": "pbkdf2_sha256$600000$eaphqHhXT6mjzbAEiA43tW$x4fdZ6fZEeDAieJ/VIiFk8YsQ+J0FaQdHVALT3SWE7g=", "last_login": "2023-05-18T09:58:13.289Z", "is_superuser": false, "username": "arnarleifsson", "first_name": "", "last_name": "", "email": "", "is_staff": false, "is_active": true, "date_joined": "2023-05-18T09:58:10.116Z", "loyalty_points": 150090, "profile_picture": "profile_pics/profile.jpg", "groups": [], "user_permissions": []}}, {"model": "users.user", "pk": 24, "fields": {"password": "pbkdf2_sha256$600000$xSkRaoXDIjceQNbi70b26H$yS6mscfj8BC72mH/69a51Y/jLGDw+fT/DXj5lTUQiG0=", "last_login": "2023-05-21T19:51:08.909Z", "is_superuser": false, "username": "gunna", "first_name": "", "last_name": "", "email": "", "is_staff": false, "is_active": true, "date_joined": "2023-05-21T19:50:58.339Z", "loyalty_points": 290, "profile_picture": "profile_pics/download.jpeg", "groups": [], "user_permissions": []}}, {"model": "admin.logentry", "pk": 1, "fields": {"action_time": "2023-05-06T16:27:48.837Z", "user": 1, "content_type": 2, "object_id": "1", "object_repr": "Vegan", "action_flag": 1, "change_message": "[{\"added\": {}}]"}}, {"model": "admin.logentry", "pk": 2, "fields": {"action_time": "2023-05-06T16:27:56.052Z", "user": 1, "content_type": 2, "object_id": "2", "object_repr": "Spicy", "action_flag": 1, "change_message": "[{\"added\": {}}]"}}, {"model": "admin.logentry", "pk": 3, "fields": {"action_time": "2023-05-06T16:28:08.936Z", "user": 1, "content_type": 2, "object_id": "3", "object_repr": "Pizza", "action_flag": 1, "change_message": "[{\"added\": {}}]"}}, {"model": "admin.logentry", "pk": 4, "fields": {"action_time": "2023-05-06T16:28:17.614Z", "user": 1, "content_type": 2, "object_id": "4", "object_repr": "Offers", "action_flag": 1, "change_message": "[{\"added\": {}}]"}}, {"model": "admin.logentry", "pk": 5, "fields": {"action_time": "2023-05-06T16:28:26.901Z", "user": 1, "content_type": 2, "object_id": "5", "object_repr": "Merch", "action_flag": 1, "change_message": "[{\"added\": {}}]"}}, {"model": "admin.logentry", "pk": 6, "fields": {"action_time": "2023-05-06T16:28:40.669Z", "user": 1, "content_type": 2, "object_id": "6", "object_repr": "Vegeterian", "action_flag": 1, "change_message": "[{\"added\": {}}]"}}, {"model": "admin.logentry", "pk": 7, "fields": {"action_time": "2023-05-06T16:38:25.437Z", "user": 1, "content_type": 4, "object_id": "1", "object_repr": "Dragon's Fury", "action_flag": 1, "change_message": "[{\"added\": {}}]"}}, {"model": "admin.logentry", "pk": 8, "fields": {"action_time": "2023-05-06T16:44:46.657Z", "user": 1, "content_type": 4, "object_id": "2", "object_repr": "Siren's Song", "action_flag": 1, "change_message": "[{\"added\": {}}]"}}, {"model": "admin.logentry", "pk": 9, "fields": {"action_time": "2023-05-06T16:46:03.060Z", "user": 1, "content_type": 4, "object_id": "1", "object_repr": "Dragon's Fury", "action_flag": 2, "change_message": "[{\"changed\": {\"fields\": [\"Picture\"]}}]"}}, {"model": "admin.logentry", "pk": 10, "fields": {"action_time": "2023-05-06T16:49:44.434Z", "user": 1, "content_type": 4, "object_id": "3", "object_repr": "Lair of the Beast", "action_flag": 1, "change_message": "[{\"added\": {}}]"}}, {"model": "admin.logentry", "pk": 11, "fields": {"action_time": "2023-05-06T17:04:27.034Z", "user": 1, "content_type": 4, "object_id": "4", "object_repr": "Mystic Mushroom", "action_flag": 1, "change_message": "[{\"added\": {}}]"}}, {"model": "admin.logentry", "pk": 12, "fields": {"action_time": "2023-05-06T17:10:28.252Z", "user": 1, "content_type": 4, "object_id": "5", "object_repr": "Ogre's breakfast", "action_flag": 1, "change_message": "[{\"added\": {}}]"}}, {"model": "admin.logentry", "pk": 13, "fields": {"action_time": "2023-05-07T12:46:03.745Z", "user": 1, "content_type": 4, "object_id": "1", "object_repr": "Dragon's Fury", "action_flag": 2, "change_message": "[]"}}, {"model": "admin.logentry", "pk": 14, "fields": {"action_time": "2023-05-07T13:25:40.770Z", "user": 1, "content_type": 4, "object_id": "5", "object_repr": "Ogre's breakfast", "action_flag": 2, "change_message": "[{\"changed\": {\"fields\": [\"Picture\"]}}]"}}, {"model": "admin.logentry", "pk": 15, "fields": {"action_time": "2023-05-07T13:26:42.256Z", "user": 1, "content_type": 4, "object_id": "4", "object_repr": "Mystic Mushroom", "action_flag": 2, "change_message": "[{\"changed\": {\"fields\": [\"Picture\"]}}]"}}, {"model": "admin.logentry", "pk": 16, "fields": {"action_time": "2023-05-07T13:27:04.278Z", "user": 1, "content_type": 4, "object_id": "3", "object_repr": "Lair of the Beast", "action_flag": 2, "change_message": "[{\"changed\": {\"fields\": [\"Picture\"]}}]"}}, {"model": "admin.logentry", "pk": 17, "fields": {"action_time": "2023-05-07T13:27:24.374Z", "user": 1, "content_type": 4, "object_id": "2", "object_repr": "Siren's Song", "action_flag": 2, "change_message": "[{\"changed\": {\"fields\": [\"Picture\"]}}]"}}, {"model": "admin.logentry", "pk": 18, "fields": {"action_time": "2023-05-07T13:27:38.761Z", "user": 1, "content_type": 4, "object_id": "1", "object_repr": "Dragon's Fury", "action_flag": 2, "change_message": "[{\"changed\": {\"fields\": [\"Picture\"]}}]"}}, {"model": "admin.logentry", "pk": 19, "fields": {"action_time": "2023-05-07T13:57:51.870Z", "user": 1, "content_type": 2, "object_id": "2", "object_repr": "Spicy", "action_flag": 2, "change_message": "[]"}}, {"model": "admin.logentry", "pk": 20, "fields": {"action_time": "2023-05-07T14:14:52.339Z", "user": 1, "content_type": 2, "object_id": "3", "object_repr": "Pizza", "action_flag": 2, "change_message": "[{\"changed\": {\"fields\": [\"Slug\"]}}]"}}, {"model": "admin.logentry", "pk": 21, "fields": {"action_time": "2023-05-07T14:15:41.955Z", "user": 1, "content_type": 2, "object_id": "3", "object_repr": "Pizza", "action_flag": 2, "change_message": "[{\"changed\": {\"fields\": [\"Slug\"]}}]"}}, {"model": "admin.logentry", "pk": 22, "fields": {"action_time": "2023-05-07T14:15:55.797Z", "user": 1, "content_type": 2, "object_id": "4", "object_repr": "Offers", "action_flag": 2, "change_message": "[{\"changed\": {\"fields\": [\"Slug\"]}}]"}}, {"model": "admin.logentry", "pk": 23, "fields": {"action_time": "2023-05-07T14:18:47.624Z", "user": 1, "content_type": 2, "object_id": "5", "object_repr": "Merch", "action_flag": 2, "change_message": "[{\"changed\": {\"fields\": [\"Slug\"]}}]"}}, {"model": "admin.logentry", "pk": 24, "fields": {"action_time": "2023-05-07T14:19:08.515Z", "user": 1, "content_type": 2, "object_id": "7", "object_repr": "Sides", "action_flag": 1, "change_message": "[{\"added\": {}}]"}}, {"model": "admin.logentry", "pk": 25, "fields": {"action_time": "2023-05-07T14:24:38.174Z", "user": 1, "content_type": 2, "object_id": "8", "object_repr": "Carnivorous", "action_flag": 1, "change_message": "[{\"added\": {}}]"}}, {"model": "admin.logentry", "pk": 26, "fields": {"action_time": "2023-05-07T15:16:21.816Z", "user": 1, "content_type": 5, "object_id": "4", "object_repr": "Order object (4)", "action_flag": 3, "change_message": ""}}, {"model": "admin.logentry", "pk": 27, "fields": {"action_time": "2023-05-07T15:16:21.859Z", "user": 1, "content_type": 5, "object_id": "3", "object_repr": "Order object (3)", "action_flag": 3, "change_message": ""}}, {"model": "admin.logentry", "pk": 28, "fields": {"action_time": "2023-05-07T15:16:21.901Z", "user": 1, "content_type": 5, "object_id": "2", "object_repr": "Order object (2)", "action_flag": 3, "change_message": ""}}, {"model": "admin.logentry", "pk": 29, "fields": {"action_time": "2023-05-07T15:19:09.955Z", "user": 1, "content_type": 15, "object_id": "1", "object_repr": "OrderPaymentMethod object (1)", "action_flag": 1, "change_message": "[{\"added\": {}}]"}}, {"model": "admin.logentry", "pk": 30, "fields": {"action_time": "2023-05-07T15:19:34.481Z", "user": 1, "content_type": 15, "object_id": "2", "object_repr": "OrderPaymentMethod object (2)", "action_flag": 1, "change_message": "[{\"added\": {}}]"}}, {"model": "admin.logentry", "pk": 31, "fields": {"action_time": "2023-05-07T15:20:01.114Z", "user": 1, "content_type": 15, "object_id": "3", "object_repr": "OrderPaymentMethod object (3)", "action_flag": 1, "change_message": "[{\"added\": {}}]"}}, {"model": "admin.logentry", "pk": 32, "fields": {"action_time": "2023-05-07T15:20:33.283Z", "user": 1, "content_type": 15, "object_id": "4", "object_repr": "OrderPaymentMethod object (4)", "action_flag": 1, "change_message": "[{\"added\": {}}]"}}, {"model": "admin.logentry", "pk": 33, "fields": {"action_time": "2023-05-07T15:20:51.701Z", "user": 1, "content_type": 15, "object_id": "5", "object_repr": "OrderPaymentMethod object (5)", "action_flag": 1, "change_message": "[{\"added\": {}}]"}}, {"model": "admin.logentry", "pk": 34, "fields": {"action_time": "2023-05-07T15:21:21.506Z", "user": 1, "content_type": 15, "object_id": "6", "object_repr": "OrderPaymentMethod object (6)", "action_flag": 1, "change_message": "[{\"added\": {}}]"}}, {"model": "admin.logentry", "pk": 35, "fields": {"action_time": "2023-05-07T15:21:42.996Z", "user": 1, "content_type": 15, "object_id": "7", "object_repr": "OrderPaymentMethod object (7)", "action_flag": 1, "change_message": "[{\"added\": {}}]"}}, {"model": "admin.logentry", "pk": 36, "fields": {"action_time": "2023-05-07T15:22:19.005Z", "user": 1, "content_type": 15, "object_id": "8", "object_repr": "OrderPaymentMethod object (8)", "action_flag": 1, "change_message": "[{\"added\": {}}]"}}, {"model": "admin.logentry", "pk": 37, "fields": {"action_time": "2023-05-07T15:22:52.834Z", "user": 1, "content_type": 15, "object_id": "9", "object_repr": "OrderPaymentMethod object (9)", "action_flag": 1, "change_message": "[{\"added\": {}}]"}}, {"model": "admin.logentry", "pk": 38, "fields": {"action_time": "2023-05-07T15:25:29.288Z", "user": 1, "content_type": 15, "object_id": "10", "object_repr": "Pay on pickup", "action_flag": 1, "change_message": "[{\"added\": {}}]"}}, {"model": "admin.logentry", "pk": 39, "fields": {"action_time": "2023-05-07T15:27:05.082Z", "user": 1, "content_type": 15, "object_id": "11", "object_repr": "Pay with card", "action_flag": 1, "change_message": "[{\"added\": {}}]"}}, {"model": "admin.logentry", "pk": 40, "fields": {"action_time": "2023-05-07T16:02:44.975Z", "user": 1, "content_type": 14, "object_id": "1", "object_repr": "Incomplete", "action_flag": 1, "change_message": "[{\"added\": {}}]"}}, {"model": "admin.logentry", "pk": 41, "fields": {"action_time": "2023-05-07T16:02:52.391Z", "user": 1, "content_type": 15, "object_id": "1", "object_repr": "Incomplete", "action_flag": 3, "change_message": ""}}, {"model": "admin.logentry", "pk": 42, "fields": {"action_time": "2023-05-07T16:03:10.880Z", "user": 1, "content_type": 14, "object_id": "2", "object_repr": "New", "action_flag": 1, "change_message": "[{\"added\": {}}]"}}, {"model": "admin.logentry", "pk": 43, "fields": {"action_time": "2023-05-07T16:03:15.787Z", "user": 1, "content_type": 15, "object_id": "2", "object_repr": "New", "action_flag": 3, "change_message": ""}}, {"model": "admin.logentry", "pk": 44, "fields": {"action_time": "2023-05-07T16:03:27.378Z", "user": 1, "content_type": 14, "object_id": "3", "object_repr": "Preparing", "action_flag": 1, "change_message": "[{\"added\": {}}]"}}, {"model": "admin.logentry", "pk": 45, "fields": {"action_time": "2023-05-07T16:03:32.527Z", "user": 1, "content_type": 15, "object_id": "3", "object_repr": "Preparing", "action_flag": 3, "change_message": ""}}, {"model": "admin.logentry", "pk": 46, "fields": {"action_time": "2023-05-07T16:03:49.461Z", "user": 1, "content_type": 14, "object_id": "4", "object_repr": "Baking", "action_flag": 1, "change_message": "[{\"added\": {}}]"}}, {"model": "admin.logentry", "pk": 47, "fields": {"action_time": "2023-05-07T16:03:54.855Z", "user": 1, "content_type": 15, "object_id": "4", "object_repr": "Baking", "action_flag": 3, "change_message": ""}}, {"model": "admin.logentry", "pk": 48, "fields": {"action_time": "2023-05-07T16:04:07.284Z", "user": 1, "content_type": 14, "object_id": "5", "object_repr": "Delivering", "action_flag": 1, "change_message": "[{\"added\": {}}]"}}, {"model": "admin.logentry", "pk": 49, "fields": {"action_time": "2023-05-07T16:04:12.501Z", "user": 1, "content_type": 15, "object_id": "5", "object_repr": "Delivering", "action_flag": 3, "change_message": ""}}, {"model": "admin.logentry", "pk": 50, "fields": {"action_time": "2023-05-07T16:04:23.225Z", "user": 1, "content_type": 14, "object_id": "6", "object_repr": "Delivered", "action_flag": 1, "change_message": "[{\"added\": {}}]"}}, {"model": "admin.logentry", "pk": 51, "fields": {"action_time": "2023-05-07T16:04:28.382Z", "user": 1, "content_type": 15, "object_id": "6", "object_repr": "Delivered", "action_flag": 3, "change_message": ""}}, {"model": "admin.logentry", "pk": 52, "fields": {"action_time": "2023-05-07T16:04:40.765Z", "user": 1, "content_type": 14, "object_id": "7", "object_repr": "Cancelled", "action_flag": 1, "change_message": "[{\"added\": {}}]"}}, {"model": "admin.logentry", "pk": 53, "fields": {"action_time": "2023-05-07T16:04:46.087Z", "user": 1, "content_type": 15, "object_id": "7", "object_repr": "Cancelled", "action_flag": 3, "change_message": ""}}, {"model": "admin.logentry", "pk": 54, "fields": {"action_time": "2023-05-07T16:05:00.545Z", "user": 1, "content_type": 14, "object_id": "8", "object_repr": "Refunded", "action_flag": 1, "change_message": "[{\"added\": {}}]"}}, {"model": "admin.logentry", "pk": 55, "fields": {"action_time": "2023-05-07T16:05:28.457Z", "user": 1, "content_type": 14, "object_id": "9", "object_repr": "Refunded", "action_flag": 1, "change_message": "[{\"added\": {}}]"}}, {"model": "admin.logentry", "pk": 56, "fields": {"action_time": "2023-05-07T16:05:33.382Z", "user": 1, "content_type": 15, "object_id": "8", "object_repr": "Refunded", "action_flag": 3, "change_message": ""}}, {"model": "admin.logentry", "pk": 57, "fields": {"action_time": "2023-05-07T16:05:57.333Z", "user": 1, "content_type": 14, "object_id": "10", "object_repr": "Ready for pickup", "action_flag": 1, "change_message": "[{\"added\": {}}]"}}, {"model": "admin.logentry", "pk": 58, "fields": {"action_time": "2023-05-07T16:06:06.242Z", "user": 1, "content_type": 15, "object_id": "9", "object_repr": "Ready for pickup", "action_flag": 3, "change_message": ""}}, {"model": "admin.logentry", "pk": 59, "fields": {"action_time": "2023-05-07T16:08:20.140Z", "user": 1, "content_type": 15, "object_id": "11", "object_repr": "Pay with card", "action_flag": 2, "change_message": "[{\"changed\": {\"fields\": [\"Method\"]}}]"}}, {"model": "admin.logentry", "pk": 60, "fields": {"action_time": "2023-05-07T16:08:27.830Z", "user": 1, "content_type": 15, "object_id": "10", "object_repr": "Pay on pickup", "action_flag": 2, "change_message": "[{\"changed\": {\"fields\": [\"Method\"]}}]"}}, {"model": "admin.logentry", "pk": 61, "fields": {"action_time": "2023-05-08T12:40:37.564Z", "user": 1, "content_type": 3, "object_id": "6", "object_repr": "TWO for ONE", "action_flag": 1, "change_message": "[{\"added\": {}}]"}}, {"model": "admin.logentry", "pk": 62, "fields": {"action_time": "2023-05-08T12:48:02.048Z", "user": 1, "content_type": 4, "object_id": "5", "object_repr": "Ogre's breakfast", "action_flag": 2, "change_message": "[{\"changed\": {\"fields\": [\"Category\"]}}]"}}, {"model": "admin.logentry", "pk": 63, "fields": {"action_time": "2023-05-08T12:48:09.369Z", "user": 1, "content_type": 4, "object_id": "4", "object_repr": "Mystic Mushroom", "action_flag": 2, "change_message": "[]"}}, {"model": "admin.logentry", "pk": 64, "fields": {"action_time": "2023-05-08T12:48:18.397Z", "user": 1, "content_type": 4, "object_id": "3", "object_repr": "Lair of the Beast", "action_flag": 2, "change_message": "[{\"changed\": {\"fields\": [\"Category\"]}}]"}}, {"model": "admin.logentry", "pk": 65, "fields": {"action_time": "2023-05-08T12:48:28.443Z", "user": 1, "content_type": 4, "object_id": "2", "object_repr": "Siren's Song", "action_flag": 2, "change_message": "[]"}}, {"model": "admin.logentry", "pk": 66, "fields": {"action_time": "2023-05-08T12:48:39.575Z", "user": 1, "content_type": 4, "object_id": "1", "object_repr": "Dragon's Fury", "action_flag": 2, "change_message": "[{\"changed\": {\"fields\": [\"Category\"]}}]"}}, {"model": "admin.logentry", "pk": 67, "fields": {"action_time": "2023-05-08T13:04:54.884Z", "user": 1, "content_type": 14, "object_id": "10", "object_repr": "Ready for pickup", "action_flag": 2, "change_message": "[{\"changed\": {\"fields\": [\"Type\"]}}]"}}, {"model": "admin.logentry", "pk": 68, "fields": {"action_time": "2023-05-08T13:05:04.841Z", "user": 1, "content_type": 14, "object_id": "9", "object_repr": "Refunded", "action_flag": 2, "change_message": "[{\"changed\": {\"fields\": [\"Type\"]}}]"}}, {"model": "admin.logentry", "pk": 69, "fields": {"action_time": "2023-05-08T13:05:25.702Z", "user": 1, "content_type": 14, "object_id": "7", "object_repr": "Cancelled", "action_flag": 2, "change_message": "[{\"changed\": {\"fields\": [\"Type\"]}}]"}}, {"model": "admin.logentry", "pk": 70, "fields": {"action_time": "2023-05-08T13:05:36.574Z", "user": 1, "content_type": 14, "object_id": "8", "object_repr": "Refunded", "action_flag": 3, "change_message": ""}}, {"model": "admin.logentry", "pk": 71, "fields": {"action_time": "2023-05-08T13:05:45.219Z", "user": 1, "content_type": 14, "object_id": "6", "object_repr": "Delivered", "action_flag": 2, "change_message": "[{\"changed\": {\"fields\": [\"Type\"]}}]"}}, {"model": "admin.logentry", "pk": 72, "fields": {"action_time": "2023-05-08T13:07:24.682Z", "user": 1, "content_type": 14, "object_id": "5", "object_repr": "Delivering", "action_flag": 3, "change_message": ""}}, {"model": "admin.logentry", "pk": 73, "fields": {"action_time": "2023-05-08T13:07:48.383Z", "user": 1, "content_type": 14, "object_id": "4", "object_repr": "Baking", "action_flag": 2, "change_message": "[{\"changed\": {\"fields\": [\"Type\"]}}]"}}, {"model": "admin.logentry", "pk": 74, "fields": {"action_time": "2023-05-08T13:07:57.464Z", "user": 1, "content_type": 14, "object_id": "3", "object_repr": "Preparing", "action_flag": 2, "change_message": "[{\"changed\": {\"fields\": [\"Type\"]}}]"}}, {"model": "admin.logentry", "pk": 75, "fields": {"action_time": "2023-05-08T13:08:04.800Z", "user": 1, "content_type": 14, "object_id": "2", "object_repr": "New", "action_flag": 2, "change_message": "[]"}}, {"model": "admin.logentry", "pk": 76, "fields": {"action_time": "2023-05-08T13:08:12.413Z", "user": 1, "content_type": 14, "object_id": "2", "object_repr": "New", "action_flag": 2, "change_message": "[{\"changed\": {\"fields\": [\"Type\"]}}]"}}, {"model": "admin.logentry", "pk": 77, "fields": {"action_time": "2023-05-08T13:12:26.838Z", "user": 1, "content_type": 5, "object_id": "6", "object_repr": "Order #6 by admin", "action_flag": 3, "change_message": ""}}, {"model": "admin.logentry", "pk": 78, "fields": {"action_time": "2023-05-08T13:13:14.592Z", "user": 1, "content_type": 3, "object_id": "6", "object_repr": "TWO for ONE", "action_flag": 3, "change_message": ""}}, {"model": "admin.logentry", "pk": 79, "fields": {"action_time": "2023-05-08T13:13:52.472Z", "user": 1, "content_type": 3, "object_id": "7", "object_repr": "TWO for ONE", "action_flag": 1, "change_message": "[{\"added\": {}}]"}}, {"model": "admin.logentry", "pk": 80, "fields": {"action_time": "2023-05-08T13:45:17.250Z", "user": 1, "content_type": 17, "object_id": "1", "object_repr": "Offer_template object (1)", "action_flag": 1, "change_message": "[{\"added\": {}}]"}}, {"model": "admin.logentry", "pk": 81, "fields": {"action_time": "2023-05-08T13:49:01.538Z", "user": 1, "content_type": 18, "object_id": "1", "object_repr": "OfferTemplate object (1)", "action_flag": 1, "change_message": "[{\"added\": {}}]"}}, {"model": "admin.logentry", "pk": 82, "fields": {"action_time": "2023-05-08T14:49:01.662Z", "user": 1, "content_type": 18, "object_id": "1", "object_repr": "OfferTemplate object (1)", "action_flag": 2, "change_message": "[{\"changed\": {\"fields\": [\"Category\"]}}]"}}, {"model": "admin.logentry", "pk": 83, "fields": {"action_time": "2023-05-08T15:28:50.385Z", "user": 1, "content_type": 2, "object_id": "1", "object_repr": "Vegan", "action_flag": 2, "change_message": "[{\"changed\": {\"fields\": [\"Slug\"]}}]"}}, {"model": "admin.logentry", "pk": 84, "fields": {"action_time": "2023-05-08T15:28:58.245Z", "user": 1, "content_type": 2, "object_id": "2", "object_repr": "Spicy", "action_flag": 2, "change_message": "[{\"changed\": {\"fields\": [\"Slug\"]}}]"}}, {"model": "admin.logentry", "pk": 85, "fields": {"action_time": "2023-05-08T15:29:27.956Z", "user": 1, "content_type": 2, "object_id": "2", "object_repr": "Spicy", "action_flag": 2, "change_message": "[]"}}, {"model": "admin.logentry", "pk": 86, "fields": {"action_time": "2023-05-08T15:29:43.807Z", "user": 1, "content_type": 2, "object_id": "6", "object_repr": "Vegeterian", "action_flag": 2, "change_message": "[{\"changed\": {\"fields\": [\"Slug\"]}}]"}}, {"model": "admin.logentry", "pk": 87, "fields": {"action_time": "2023-05-08T15:30:01.715Z", "user": 1, "content_type": 1, "object_id": "4", "object_repr": "Mystic Mushroom", "action_flag": 2, "change_message": "[{\"changed\": {\"fields\": [\"Category\"]}}]"}}, {"model": "admin.logentry", "pk": 88, "fields": {"action_time": "2023-05-08T15:55:41.307Z", "user": 1, "content_type": 2, "object_id": "8", "object_repr": "Carnivorous", "action_flag": 2, "change_message": "[{\"changed\": {\"fields\": [\"Slug\"]}}]"}}, {"model": "admin.logentry", "pk": 89, "fields": {"action_time": "2023-05-08T15:55:48.906Z", "user": 1, "content_type": 2, "object_id": "6", "object_repr": "Vegeterian", "action_flag": 2, "change_message": "[{\"changed\": {\"fields\": [\"Slug\"]}}]"}}, {"model": "admin.logentry", "pk": 90, "fields": {"action_time": "2023-05-08T15:55:58.949Z", "user": 1, "content_type": 2, "object_id": "3", "object_repr": "Pizza", "action_flag": 2, "change_message": "[{\"changed\": {\"fields\": [\"Slug\"]}}]"}}, {"model": "admin.logentry", "pk": 91, "fields": {"action_time": "2023-05-08T15:56:05.980Z", "user": 1, "content_type": 2, "object_id": "2", "object_repr": "Spicy", "action_flag": 2, "change_message": "[{\"changed\": {\"fields\": [\"Slug\"]}}]"}}, {"model": "admin.logentry", "pk": 92, "fields": {"action_time": "2023-05-08T15:56:14.190Z", "user": 1, "content_type": 2, "object_id": "1", "object_repr": "Vegan", "action_flag": 2, "change_message": "[{\"changed\": {\"fields\": [\"Slug\"]}}]"}}, {"model": "admin.logentry", "pk": 93, "fields": {"action_time": "2023-05-08T15:56:19.314Z", "user": 1, "content_type": 2, "object_id": "6", "object_repr": "Vegeterian", "action_flag": 2, "change_message": "[]"}}, {"model": "admin.logentry", "pk": 94, "fields": {"action_time": "2023-05-08T15:58:16.642Z", "user": 1, "content_type": 2, "object_id": "3", "object_repr": "Pizza", "action_flag": 2, "change_message": "[{\"changed\": {\"fields\": [\"Slug\"]}}]"}}, {"model": "admin.logentry", "pk": 95, "fields": {"action_time": "2023-05-08T15:58:22.099Z", "user": 1, "content_type": 2, "object_id": "7", "object_repr": "Sides", "action_flag": 2, "change_message": "[]"}}, {"model": "admin.logentry", "pk": 96, "fields": {"action_time": "2023-05-09T08:45:58.843Z", "user": 1, "content_type": 3, "object_id": "8", "object_repr": "Family Deal", "action_flag": 1, "change_message": "[{\"added\": {}}]"}}, {"model": "admin.logentry", "pk": 97, "fields": {"action_time": "2023-05-09T08:46:31.902Z", "user": 1, "content_type": 3, "object_id": "7", "object_repr": "TWO for ONE", "action_flag": 2, "change_message": "[{\"changed\": {\"fields\": [\"Price\", \"Description\"]}}]"}}, {"model": "admin.logentry", "pk": 98, "fields": {"action_time": "2023-05-09T08:50:22.410Z", "user": 1, "content_type": 2, "object_id": "9", "object_repr": "Drinks", "action_flag": 1, "change_message": "[{\"added\": {}}]"}}, {"model": "admin.logentry", "pk": 99, "fields": {"action_time": "2023-05-09T08:52:44.198Z", "user": 1, "content_type": 18, "object_id": "2", "object_repr": "OfferTemplate object (2)", "action_flag": 1, "change_message": "[{\"added\": {}}]"}}, {"model": "admin.logentry", "pk": 100, "fields": {"action_time": "2023-05-09T08:53:36.870Z", "user": 1, "content_type": 18, "object_id": "2", "object_repr": "OfferTemplate object (2)", "action_flag": 2, "change_message": "[{\"changed\": {\"fields\": [\"Category\"]}}]"}}, {"model": "admin.logentry", "pk": 101, "fields": {"action_time": "2023-05-09T09:05:44.974Z", "user": 1, "content_type": 1, "object_id": "9", "object_repr": "Pepsi", "action_flag": 1, "change_message": "[{\"added\": {}}]"}}, {"model": "admin.logentry", "pk": 102, "fields": {"action_time": "2023-05-09T09:08:17.503Z", "user": 1, "content_type": 1, "object_id": "10", "object_repr": "Kristal", "action_flag": 1, "change_message": "[{\"added\": {}}]"}}, {"model": "admin.logentry", "pk": 103, "fields": {"action_time": "2023-05-09T09:09:08.759Z", "user": 1, "content_type": 1, "object_id": "11", "object_repr": "7-UP", "action_flag": 1, "change_message": "[{\"added\": {}}]"}}, {"model": "admin.logentry", "pk": 104, "fields": {"action_time": "2023-05-09T09:10:04.874Z", "user": 1, "content_type": 1, "object_id": "12", "object_repr": "MIX", "action_flag": 1, "change_message": "[{\"added\": {}}]"}}, {"model": "admin.logentry", "pk": 105, "fields": {"action_time": "2023-05-09T09:11:04.134Z", "user": 1, "content_type": 1, "object_id": "13", "object_repr": "Appelsin", "action_flag": 1, "change_message": "[{\"added\": {}}]"}}, {"model": "admin.logentry", "pk": 106, "fields": {"action_time": "2023-05-09T09:25:37.041Z", "user": 1, "content_type": 1, "object_id": "14", "object_repr": "Enchanted Ember Wings(BBQ)", "action_flag": 1, "change_message": "[{\"added\": {}}]"}}, {"model": "admin.logentry", "pk": 107, "fields": {"action_time": "2023-05-09T09:26:38.670Z", "user": 1, "content_type": 1, "object_id": "15", "object_repr": "Enchanted Ember Wings(Hot sauce)", "action_flag": 1, "change_message": "[{\"added\": {}}]"}}, {"model": "admin.logentry", "pk": 108, "fields": {"action_time": "2023-05-09T09:30:32.978Z", "user": 1, "content_type": 1, "object_id": "16", "object_repr": "Golden Elegance", "action_flag": 1, "change_message": "[{\"added\": {}}]"}}, {"model": "admin.logentry", "pk": 109, "fields": {"action_time": "2023-05-09T10:09:21.288Z", "user": 1, "content_type": 18, "object_id": "2", "object_repr": "OfferTemplate object (2)", "action_flag": 3, "change_message": ""}}, {"model": "admin.logentry", "pk": 110, "fields": {"action_time": "2023-05-09T14:51:39.624Z", "user": 1, "content_type": 18, "object_id": "1", "object_repr": "OfferTemplate object (1)", "action_flag": 3, "change_message": ""}}, {"model": "admin.logentry", "pk": 111, "fields": {"action_time": "2023-05-09T14:51:55.177Z", "user": 1, "content_type": 18, "object_id": "3", "object_repr": "OfferTemplate object (3)", "action_flag": 1, "change_message": "[{\"added\": {}}]"}}, {"model": "admin.logentry", "pk": 112, "fields": {"action_time": "2023-05-09T14:57:34.450Z", "user": 1, "content_type": 3, "object_id": "7", "object_repr": "TWO for ONE", "action_flag": 3, "change_message": ""}}, {"model": "admin.logentry", "pk": 113, "fields": {"action_time": "2023-05-09T14:58:16.594Z", "user": 1, "content_type": 3, "object_id": "7", "object_repr": "TWO for ONE", "action_flag": 3, "change_message": ""}}, {"model": "admin.logentry", "pk": 114, "fields": {"action_time": "2023-05-09T15:00:52.651Z", "user": 1, "content_type": 3, "object_id": "17", "object_repr": "Game Night", "action_flag": 1, "change_message": "[{\"added\": {}}]"}}, {"model": "admin.logentry", "pk": 115, "fields": {"action_time": "2023-05-09T15:03:54.856Z", "user": 1, "content_type": 5, "object_id": "8", "object_repr": "Order #8 by admin", "action_flag": 3, "change_message": ""}}, {"model": "admin.logentry", "pk": 116, "fields": {"action_time": "2023-05-09T15:13:15.432Z", "user": 1, "content_type": 19, "object_id": "1", "object_repr": "Iceland", "action_flag": 1, "change_message": "[{\"added\": {}}]"}}, {"model": "admin.logentry", "pk": 117, "fields": {"action_time": "2023-05-09T15:13:27.394Z", "user": 1, "content_type": 19, "object_id": "2", "object_repr": "United Kingdom", "action_flag": 1, "change_message": "[{\"added\": {}}]"}}, {"model": "admin.logentry", "pk": 118, "fields": {"action_time": "2023-05-09T15:13:33.591Z", "user": 1, "content_type": 19, "object_id": "3", "object_repr": "New Zealand", "action_flag": 1, "change_message": "[{\"added\": {}}]"}}, {"model": "admin.logentry", "pk": 119, "fields": {"action_time": "2023-05-09T17:58:55.278Z", "user": 1, "content_type": 1, "object_id": "18", "object_repr": "Puff the Dragon", "action_flag": 1, "change_message": "[{\"added\": {}}]"}}, {"model": "admin.logentry", "pk": 120, "fields": {"action_time": "2023-05-10T09:36:14.662Z", "user": 1, "content_type": 18, "object_id": "4", "object_repr": "OfferTemplate object (4)", "action_flag": 1, "change_message": "[{\"added\": {}}]"}}, {"model": "admin.logentry", "pk": 121, "fields": {"action_time": "2023-05-10T10:42:12.577Z", "user": 1, "content_type": 6, "object_id": "35", "object_repr": "Anonymous cart created at 2023-05-10", "action_flag": 3, "change_message": ""}}, {"model": "admin.logentry", "pk": 122, "fields": {"action_time": "2023-05-10T10:42:12.621Z", "user": 1, "content_type": 6, "object_id": "34", "object_repr": "Anonymous cart created at 2023-05-10", "action_flag": 3, "change_message": ""}}, {"model": "admin.logentry", "pk": 123, "fields": {"action_time": "2023-05-10T10:42:12.666Z", "user": 1, "content_type": 6, "object_id": "33", "object_repr": "Anonymous cart created at 2023-05-10", "action_flag": 3, "change_message": ""}}, {"model": "admin.logentry", "pk": 124, "fields": {"action_time": "2023-05-10T10:42:12.710Z", "user": 1, "content_type": 6, "object_id": "32", "object_repr": "Anonymous cart created at 2023-05-10", "action_flag": 3, "change_message": ""}}, {"model": "admin.logentry", "pk": 125, "fields": {"action_time": "2023-05-10T10:42:12.753Z", "user": 1, "content_type": 6, "object_id": "31", "object_repr": "Anonymous cart created at 2023-05-09", "action_flag": 3, "change_message": ""}}, {"model": "admin.logentry", "pk": 126, "fields": {"action_time": "2023-05-10T10:42:12.796Z", "user": 1, "content_type": 6, "object_id": "29", "object_repr": "Anonymous cart created at 2023-05-09", "action_flag": 3, "change_message": ""}}, {"model": "admin.logentry", "pk": 127, "fields": {"action_time": "2023-05-10T10:42:12.839Z", "user": 1, "content_type": 6, "object_id": "28", "object_repr": "Anonymous cart created at 2023-05-09", "action_flag": 3, "change_message": ""}}, {"model": "admin.logentry", "pk": 128, "fields": {"action_time": "2023-05-10T10:42:12.884Z", "user": 1, "content_type": 6, "object_id": "21", "object_repr": "Anonymous cart created at 2023-05-09", "action_flag": 3, "change_message": ""}}, {"model": "admin.logentry", "pk": 129, "fields": {"action_time": "2023-05-10T10:42:12.928Z", "user": 1, "content_type": 6, "object_id": "19", "object_repr": "Anonymous cart created at 2023-05-08", "action_flag": 3, "change_message": ""}}, {"model": "admin.logentry", "pk": 130, "fields": {"action_time": "2023-05-10T10:42:12.971Z", "user": 1, "content_type": 6, "object_id": "17", "object_repr": "Anonymous cart created at 2023-05-08", "action_flag": 3, "change_message": ""}}, {"model": "admin.logentry", "pk": 131, "fields": {"action_time": "2023-05-10T10:42:13.014Z", "user": 1, "content_type": 6, "object_id": "11", "object_repr": "Anonymous cart created at 2023-05-07", "action_flag": 3, "change_message": ""}}, {"model": "admin.logentry", "pk": 132, "fields": {"action_time": "2023-05-10T10:42:13.057Z", "user": 1, "content_type": 6, "object_id": "6", "object_repr": "Anonymous cart created at 2023-05-07", "action_flag": 3, "change_message": ""}}, {"model": "admin.logentry", "pk": 133, "fields": {"action_time": "2023-05-10T10:42:32.040Z", "user": 1, "content_type": 6, "object_id": "35", "object_repr": "Anonymous cart created at 2023-05-10", "action_flag": 3, "change_message": ""}}, {"model": "admin.logentry", "pk": 134, "fields": {"action_time": "2023-05-10T10:42:32.086Z", "user": 1, "content_type": 6, "object_id": "34", "object_repr": "Anonymous cart created at 2023-05-10", "action_flag": 3, "change_message": ""}}, {"model": "admin.logentry", "pk": 135, "fields": {"action_time": "2023-05-10T10:42:32.129Z", "user": 1, "content_type": 6, "object_id": "33", "object_repr": "Anonymous cart created at 2023-05-10", "action_flag": 3, "change_message": ""}}, {"model": "admin.logentry", "pk": 136, "fields": {"action_time": "2023-05-10T10:42:32.173Z", "user": 1, "content_type": 6, "object_id": "32", "object_repr": "Anonymous cart created at 2023-05-10", "action_flag": 3, "change_message": ""}}, {"model": "admin.logentry", "pk": 137, "fields": {"action_time": "2023-05-10T10:42:32.217Z", "user": 1, "content_type": 6, "object_id": "31", "object_repr": "Anonymous cart created at 2023-05-09", "action_flag": 3, "change_message": ""}}, {"model": "admin.logentry", "pk": 138, "fields": {"action_time": "2023-05-10T10:42:32.259Z", "user": 1, "content_type": 6, "object_id": "29", "object_repr": "Anonymous cart created at 2023-05-09", "action_flag": 3, "change_message": ""}}, {"model": "admin.logentry", "pk": 139, "fields": {"action_time": "2023-05-10T10:42:32.302Z", "user": 1, "content_type": 6, "object_id": "28", "object_repr": "Anonymous cart created at 2023-05-09", "action_flag": 3, "change_message": ""}}, {"model": "admin.logentry", "pk": 140, "fields": {"action_time": "2023-05-10T10:42:32.345Z", "user": 1, "content_type": 6, "object_id": "21", "object_repr": "Anonymous cart created at 2023-05-09", "action_flag": 3, "change_message": ""}}, {"model": "admin.logentry", "pk": 141, "fields": {"action_time": "2023-05-10T10:42:32.389Z", "user": 1, "content_type": 6, "object_id": "19", "object_repr": "Anonymous cart created at 2023-05-08", "action_flag": 3, "change_message": ""}}, {"model": "admin.logentry", "pk": 142, "fields": {"action_time": "2023-05-10T10:42:32.433Z", "user": 1, "content_type": 6, "object_id": "17", "object_repr": "Anonymous cart created at 2023-05-08", "action_flag": 3, "change_message": ""}}, {"model": "admin.logentry", "pk": 143, "fields": {"action_time": "2023-05-10T10:42:32.476Z", "user": 1, "content_type": 6, "object_id": "11", "object_repr": "Anonymous cart created at 2023-05-07", "action_flag": 3, "change_message": ""}}, {"model": "admin.logentry", "pk": 144, "fields": {"action_time": "2023-05-10T10:42:32.518Z", "user": 1, "content_type": 6, "object_id": "6", "object_repr": "Anonymous cart created at 2023-05-07", "action_flag": 3, "change_message": ""}}, {"model": "admin.logentry", "pk": 145, "fields": {"action_time": "2023-05-10T10:42:57.199Z", "user": 1, "content_type": 7, "object_id": "48", "object_repr": "1x Dragon's Fury at 12999 ISK", "action_flag": 3, "change_message": ""}}, {"model": "admin.logentry", "pk": 146, "fields": {"action_time": "2023-05-10T10:42:57.244Z", "user": 1, "content_type": 7, "object_id": "47", "object_repr": "1x Dragon's Fury at 12999 ISK", "action_flag": 3, "change_message": ""}}, {"model": "admin.logentry", "pk": 147, "fields": {"action_time": "2023-05-10T10:42:57.287Z", "user": 1, "content_type": 7, "object_id": "45", "object_repr": "1x Lair of the Beast at 14999 ISK", "action_flag": 3, "change_message": ""}}, {"model": "admin.logentry", "pk": 148, "fields": {"action_time": "2023-05-10T10:42:57.331Z", "user": 1, "content_type": 7, "object_id": "44", "object_repr": "1x Dragon's Fury at 12999 ISK", "action_flag": 3, "change_message": ""}}, {"model": "admin.logentry", "pk": 149, "fields": {"action_time": "2023-05-10T10:42:57.375Z", "user": 1, "content_type": 7, "object_id": "43", "object_repr": "1x Dragon's Fury at 12999 ISK", "action_flag": 3, "change_message": ""}}, {"model": "admin.logentry", "pk": 150, "fields": {"action_time": "2023-05-10T10:42:57.421Z", "user": 1, "content_type": 7, "object_id": "40", "object_repr": "1x Lair of the Beast at 14999 ISK", "action_flag": 3, "change_message": ""}}, {"model": "admin.logentry", "pk": 151, "fields": {"action_time": "2023-05-10T10:42:57.465Z", "user": 1, "content_type": 7, "object_id": "39", "object_repr": "2x Dragon's Fury at 25998 ISK", "action_flag": 3, "change_message": ""}}, {"model": "admin.logentry", "pk": 152, "fields": {"action_time": "2023-05-10T10:42:57.508Z", "user": 1, "content_type": 7, "object_id": "30", "object_repr": "1x Appelsin at 3000 ISK", "action_flag": 3, "change_message": ""}}, {"model": "admin.logentry", "pk": 153, "fields": {"action_time": "2023-05-10T10:42:57.553Z", "user": 1, "content_type": 7, "object_id": "26", "object_repr": "1x Mystic Mushroom at 12999 ISK", "action_flag": 3, "change_message": ""}}, {"model": "admin.logentry", "pk": 154, "fields": {"action_time": "2023-05-10T10:42:57.597Z", "user": 1, "content_type": 7, "object_id": "25", "object_repr": "1x Ogre's breakfast at 12999 ISK", "action_flag": 3, "change_message": ""}}, {"model": "admin.logentry", "pk": 155, "fields": {"action_time": "2023-05-10T10:42:57.640Z", "user": 1, "content_type": 7, "object_id": "23", "object_repr": "1x Mystic Mushroom at 12999 ISK", "action_flag": 3, "change_message": ""}}, {"model": "admin.logentry", "pk": 156, "fields": {"action_time": "2023-05-10T10:42:57.685Z", "user": 1, "content_type": 7, "object_id": "22", "object_repr": "1x Ogre's breakfast at 12999 ISK", "action_flag": 3, "change_message": ""}}, {"model": "admin.logentry", "pk": 157, "fields": {"action_time": "2023-05-10T10:42:57.728Z", "user": 1, "content_type": 7, "object_id": "15", "object_repr": "1x Mystic Mushroom at 12999 ISK", "action_flag": 3, "change_message": ""}}, {"model": "admin.logentry", "pk": 158, "fields": {"action_time": "2023-05-10T10:42:57.772Z", "user": 1, "content_type": 7, "object_id": "9", "object_repr": "13x Mystic Mushroom at 168987 ISK", "action_flag": 3, "change_message": ""}}, {"model": "admin.logentry", "pk": 159, "fields": {"action_time": "2023-05-10T10:42:57.816Z", "user": 1, "content_type": 7, "object_id": "8", "object_repr": "5x Siren's Song at 64995 ISK", "action_flag": 3, "change_message": ""}}, {"model": "admin.logentry", "pk": 160, "fields": {"action_time": "2023-05-10T10:44:09.908Z", "user": 1, "content_type": 7, "object_id": "48", "object_repr": "1x Dragon's Fury at 12999 ISK", "action_flag": 3, "change_message": ""}}, {"model": "admin.logentry", "pk": 161, "fields": {"action_time": "2023-05-10T10:44:18.374Z", "user": 1, "content_type": 7, "object_id": "47", "object_repr": "1x Dragon's Fury at 12999 ISK", "action_flag": 3, "change_message": ""}}, {"model": "admin.logentry", "pk": 162, "fields": {"action_time": "2023-05-10T10:44:32.472Z", "user": 1, "content_type": 7, "object_id": "45", "object_repr": "1x Lair of the Beast at 14999 ISK", "action_flag": 3, "change_message": ""}}, {"model": "admin.logentry", "pk": 163, "fields": {"action_time": "2023-05-10T10:44:32.517Z", "user": 1, "content_type": 7, "object_id": "44", "object_repr": "1x Dragon's Fury at 12999 ISK", "action_flag": 3, "change_message": ""}}, {"model": "admin.logentry", "pk": 164, "fields": {"action_time": "2023-05-10T10:44:32.563Z", "user": 1, "content_type": 7, "object_id": "43", "object_repr": "1x Dragon's Fury at 12999 ISK", "action_flag": 3, "change_message": ""}}, {"model": "admin.logentry", "pk": 165, "fields": {"action_time": "2023-05-10T10:44:32.609Z", "user": 1, "content_type": 7, "object_id": "40", "object_repr": "1x Lair of the Beast at 14999 ISK", "action_flag": 3, "change_message": ""}}, {"model": "admin.logentry", "pk": 166, "fields": {"action_time": "2023-05-10T10:44:32.656Z", "user": 1, "content_type": 7, "object_id": "39", "object_repr": "2x Dragon's Fury at 25998 ISK", "action_flag": 3, "change_message": ""}}, {"model": "admin.logentry", "pk": 167, "fields": {"action_time": "2023-05-10T10:44:32.700Z", "user": 1, "content_type": 7, "object_id": "30", "object_repr": "1x Appelsin at 3000 ISK", "action_flag": 3, "change_message": ""}}, {"model": "admin.logentry", "pk": 168, "fields": {"action_time": "2023-05-10T10:44:47.603Z", "user": 1, "content_type": 7, "object_id": "26", "object_repr": "1x Mystic Mushroom at 12999 ISK", "action_flag": 3, "change_message": ""}}, {"model": "admin.logentry", "pk": 169, "fields": {"action_time": "2023-05-10T10:44:47.678Z", "user": 1, "content_type": 7, "object_id": "25", "object_repr": "1x Ogre's breakfast at 12999 ISK", "action_flag": 3, "change_message": ""}}, {"model": "admin.logentry", "pk": 170, "fields": {"action_time": "2023-05-10T10:44:47.720Z", "user": 1, "content_type": 7, "object_id": "23", "object_repr": "1x Mystic Mushroom at 12999 ISK", "action_flag": 3, "change_message": ""}}, {"model": "admin.logentry", "pk": 171, "fields": {"action_time": "2023-05-10T10:44:47.763Z", "user": 1, "content_type": 7, "object_id": "22", "object_repr": "1x Ogre's breakfast at 12999 ISK", "action_flag": 3, "change_message": ""}}, {"model": "admin.logentry", "pk": 172, "fields": {"action_time": "2023-05-10T10:45:08.706Z", "user": 1, "content_type": 7, "object_id": "15", "object_repr": "1x Mystic Mushroom at 12999 ISK", "action_flag": 3, "change_message": ""}}, {"model": "admin.logentry", "pk": 173, "fields": {"action_time": "2023-05-10T10:45:08.753Z", "user": 1, "content_type": 7, "object_id": "9", "object_repr": "13x Mystic Mushroom at 168987 ISK", "action_flag": 3, "change_message": ""}}, {"model": "admin.logentry", "pk": 174, "fields": {"action_time": "2023-05-10T10:45:08.797Z", "user": 1, "content_type": 7, "object_id": "8", "object_repr": "5x Siren's Song at 64995 ISK", "action_flag": 3, "change_message": ""}}, {"model": "admin.logentry", "pk": 175, "fields": {"action_time": "2023-05-10T10:45:22.110Z", "user": 1, "content_type": 7, "object_id": "26", "object_repr": "1x Mystic Mushroom at 12999 ISK", "action_flag": 3, "change_message": ""}}, {"model": "admin.logentry", "pk": 176, "fields": {"action_time": "2023-05-10T10:45:30.261Z", "user": 1, "content_type": 7, "object_id": "25", "object_repr": "1x Ogre's breakfast at 12999 ISK", "action_flag": 3, "change_message": ""}}, {"model": "admin.logentry", "pk": 177, "fields": {"action_time": "2023-05-10T10:45:37.540Z", "user": 1, "content_type": 7, "object_id": "23", "object_repr": "1x Mystic Mushroom at 12999 ISK", "action_flag": 3, "change_message": ""}}, {"model": "admin.logentry", "pk": 178, "fields": {"action_time": "2023-05-10T10:45:44.545Z", "user": 1, "content_type": 7, "object_id": "22", "object_repr": "1x Ogre's breakfast at 12999 ISK", "action_flag": 3, "change_message": ""}}, {"model": "admin.logentry", "pk": 179, "fields": {"action_time": "2023-05-10T10:45:52.693Z", "user": 1, "content_type": 7, "object_id": "15", "object_repr": "1x Mystic Mushroom at 12999 ISK", "action_flag": 3, "change_message": ""}}, {"model": "admin.logentry", "pk": 180, "fields": {"action_time": "2023-05-10T10:46:00.121Z", "user": 1, "content_type": 7, "object_id": "9", "object_repr": "13x Mystic Mushroom at 168987 ISK", "action_flag": 3, "change_message": ""}}, {"model": "admin.logentry", "pk": 181, "fields": {"action_time": "2023-05-10T10:46:07.891Z", "user": 1, "content_type": 7, "object_id": "8", "object_repr": "5x Siren's Song at 64995 ISK", "action_flag": 3, "change_message": ""}}, {"model": "admin.logentry", "pk": 182, "fields": {"action_time": "2023-05-10T10:46:25.239Z", "user": 1, "content_type": 6, "object_id": "35", "object_repr": "Anonymous cart created at 2023-05-10", "action_flag": 3, "change_message": ""}}, {"model": "admin.logentry", "pk": 183, "fields": {"action_time": "2023-05-10T10:46:33.999Z", "user": 1, "content_type": 6, "object_id": "34", "object_repr": "Anonymous cart created at 2023-05-10", "action_flag": 3, "change_message": ""}}, {"model": "admin.logentry", "pk": 184, "fields": {"action_time": "2023-05-10T13:00:05.445Z", "user": 1, "content_type": 20, "object_id": "6", "object_repr": "Family Deal - 1x ", "action_flag": 3, "change_message": ""}}, {"model": "admin.logentry", "pk": 185, "fields": {"action_time": "2023-05-10T13:00:05.540Z", "user": 1, "content_type": 20, "object_id": "5", "object_repr": "Family Deal - 1x ", "action_flag": 3, "change_message": ""}}, {"model": "admin.logentry", "pk": 186, "fields": {"action_time": "2023-05-10T13:00:05.626Z", "user": 1, "content_type": 20, "object_id": "4", "object_repr": "Family Deal - 1x ", "action_flag": 3, "change_message": ""}}, {"model": "admin.logentry", "pk": 187, "fields": {"action_time": "2023-05-10T13:00:05.712Z", "user": 1, "content_type": 20, "object_id": "3", "object_repr": "Family Deal - 1x ", "action_flag": 3, "change_message": ""}}, {"model": "admin.logentry", "pk": 188, "fields": {"action_time": "2023-05-10T13:00:05.799Z", "user": 1, "content_type": 20, "object_id": "2", "object_repr": "Family Deal - 1x ", "action_flag": 3, "change_message": ""}}, {"model": "admin.logentry", "pk": 189, "fields": {"action_time": "2023-05-10T13:00:05.883Z", "user": 1, "content_type": 20, "object_id": "1", "object_repr": "Family Deal - 1x ", "action_flag": 3, "change_message": ""}}, {"model": "admin.logentry", "pk": 190, "fields": {"action_time": "2023-05-10T15:20:36.763Z", "user": 1, "content_type": 2, "object_id": "9", "object_repr": "Drinks", "action_flag": 2, "change_message": "[{\"changed\": {\"fields\": [\"Filter\"]}}]"}}, {"model": "admin.logentry", "pk": 191, "fields": {"action_time": "2023-05-10T15:31:17.834Z", "user": 1, "content_type": 1, "object_id": "18", "object_repr": "Puff the Dragon", "action_flag": 2, "change_message": "[{\"changed\": {\"fields\": [\"Description\"]}}]"}}, {"model": "admin.logentry", "pk": 192, "fields": {"action_time": "2023-05-10T15:37:32.394Z", "user": 1, "content_type": 1, "object_id": "19", "object_repr": "Puff the Dragon - sticker", "action_flag": 1, "change_message": "[{\"added\": {}}]"}}, {"model": "admin.logentry", "pk": 193, "fields": {"action_time": "2023-05-10T15:39:21.225Z", "user": 1, "content_type": 1, "object_id": "20", "object_repr": "Pizza sticker", "action_flag": 1, "change_message": "[{\"added\": {}}]"}}, {"model": "admin.logentry", "pk": 194, "fields": {"action_time": "2023-05-10T15:39:38.838Z", "user": 1, "content_type": 1, "object_id": "20", "object_repr": "Pizza sticker", "action_flag": 2, "change_message": "[{\"changed\": {\"fields\": [\"Loyalty points\"]}}]"}}, {"model": "admin.logentry", "pk": 195, "fields": {"action_time": "2023-05-10T15:39:52.937Z", "user": 1, "content_type": 1, "object_id": "19", "object_repr": "Puff the Dragon - sticker", "action_flag": 2, "change_message": "[{\"changed\": {\"fields\": [\"Loyalty points\"]}}]"}}, {"model": "admin.logentry", "pk": 196, "fields": {"action_time": "2023-05-10T15:40:03.575Z", "user": 1, "content_type": 1, "object_id": "20", "object_repr": "Pizza sticker", "action_flag": 2, "change_message": "[{\"changed\": {\"fields\": [\"Loyalty points\"]}}]"}}, {"model": "admin.logentry", "pk": 197, "fields": {"action_time": "2023-05-10T15:42:01.233Z", "user": 1, "content_type": 1, "object_id": "21", "object_repr": "Pizza plushie", "action_flag": 1, "change_message": "[{\"added\": {}}]"}}, {"model": "admin.logentry", "pk": 198, "fields": {"action_time": "2023-05-10T16:20:18.117Z", "user": 1, "content_type": 1, "object_id": "19", "object_repr": "Puff the Dragon - sticker", "action_flag": 2, "change_message": "[{\"changed\": {\"fields\": [\"Description\"]}}]"}}, {"model": "admin.logentry", "pk": 199, "fields": {"action_time": "2023-05-10T16:21:09.199Z", "user": 1, "content_type": 1, "object_id": "18", "object_repr": "Puff the Dragon", "action_flag": 2, "change_message": "[{\"changed\": {\"fields\": [\"Description\"]}}]"}}, {"model": "admin.logentry", "pk": 200, "fields": {"action_time": "2023-05-10T16:21:45.250Z", "user": 1, "content_type": 1, "object_id": "19", "object_repr": "Puff the Dragon - sticker", "action_flag": 2, "change_message": "[{\"changed\": {\"fields\": [\"Description\"]}}]"}}, {"model": "admin.logentry", "pk": 201, "fields": {"action_time": "2023-05-10T16:23:13.509Z", "user": 1, "content_type": 1, "object_id": "15", "object_repr": "Enchanted Ember Wings(Hot sauce)", "action_flag": 2, "change_message": "[{\"changed\": {\"fields\": [\"Description\"]}}]"}}, {"model": "admin.logentry", "pk": 202, "fields": {"action_time": "2023-05-10T16:24:47.790Z", "user": 1, "content_type": 1, "object_id": "16", "object_repr": "Golden Elegance", "action_flag": 2, "change_message": "[{\"changed\": {\"fields\": [\"Description\"]}}]"}}, {"model": "admin.logentry", "pk": 203, "fields": {"action_time": "2023-05-10T16:25:11.209Z", "user": 1, "content_type": 1, "object_id": "15", "object_repr": "Enchanted Ember Wings(Hot sauce)", "action_flag": 2, "change_message": "[{\"changed\": {\"fields\": [\"Description\"]}}]"}}, {"model": "admin.logentry", "pk": 204, "fields": {"action_time": "2023-05-10T16:26:22.912Z", "user": 1, "content_type": 1, "object_id": "15", "object_repr": "Enchanted Ember Wings(Hot sauce)", "action_flag": 2, "change_message": "[{\"changed\": {\"fields\": [\"Description\"]}}]"}}, {"model": "admin.logentry", "pk": 205, "fields": {"action_time": "2023-05-10T16:42:46.235Z", "user": 1, "content_type": 1, "object_id": "14", "object_repr": "Enchanted Ember Wings(BBQ)", "action_flag": 2, "change_message": "[{\"changed\": {\"fields\": [\"Description\", \"Category\"]}}]"}}, {"model": "admin.logentry", "pk": 206, "fields": {"action_time": "2023-05-10T16:43:17.581Z", "user": 1, "content_type": 8, "object_id": "11", "object_repr": "Jupiter", "action_flag": 2, "change_message": "[{\"changed\": {\"fields\": [\"Loyalty points\"]}}]"}}, {"model": "admin.logentry", "pk": 207, "fields": {"action_time": "2023-05-10T17:18:11.803Z", "user": 1, "content_type": 1, "object_id": "22", "object_repr": "Puff the Dragon - Onesie", "action_flag": 1, "change_message": "[{\"added\": {}}]"}}, {"model": "admin.logentry", "pk": 208, "fields": {"action_time": "2023-05-10T17:20:07.094Z", "user": 1, "content_type": 1, "object_id": "23", "object_repr": "Puff the Dragon - pin", "action_flag": 1, "change_message": "[{\"added\": {}}]"}}, {"model": "admin.logentry", "pk": 209, "fields": {"action_time": "2023-05-10T17:21:14.958Z", "user": 1, "content_type": 1, "object_id": "24", "object_repr": "Pizza - pin", "action_flag": 1, "change_message": "[{\"added\": {}}]"}}, {"model": "admin.logentry", "pk": 210, "fields": {"action_time": "2023-05-10T17:21:53.183Z", "user": 1, "content_type": 1, "object_id": "25", "object_repr": "Pizza - pin", "action_flag": 1, "change_message": "[{\"added\": {}}]"}}, {"model": "admin.logentry", "pk": 211, "fields": {"action_time": "2023-05-10T17:33:42.397Z", "user": 1, "content_type": 1, "object_id": "26", "object_repr": "Garden Madness", "action_flag": 1, "change_message": "[{\"added\": {}}]"}}, {"model": "admin.logentry", "pk": 212, "fields": {"action_time": "2023-05-10T18:06:13.358Z", "user": 1, "content_type": 14, "object_id": "2", "object_repr": "New", "action_flag": 2, "change_message": "[{\"changed\": {\"fields\": [\"Type\"]}}]"}}, {"model": "admin.logentry", "pk": 213, "fields": {"action_time": "2023-05-10T18:06:53.468Z", "user": 1, "content_type": 5, "object_id": "14", "object_repr": "Order #14 by admin", "action_flag": 2, "change_message": "[{\"changed\": {\"fields\": [\"Status\"]}}]"}}, {"model": "admin.logentry", "pk": 214, "fields": {"action_time": "2023-05-10T18:08:04.804Z", "user": 1, "content_type": 14, "object_id": "2", "object_repr": "New", "action_flag": 2, "change_message": "[{\"changed\": {\"fields\": [\"Order status type\"]}}]"}}, {"model": "admin.logentry", "pk": 215, "fields": {"action_time": "2023-05-10T20:22:41.074Z", "user": 1, "content_type": 1, "object_id": "26", "object_repr": "Garden Madness", "action_flag": 2, "change_message": "[]"}}, {"model": "admin.logentry", "pk": 216, "fields": {"action_time": "2023-05-10T21:17:03.276Z", "user": 1, "content_type": 1, "object_id": "27", "object_repr": "Enchanted Dragon Fire", "action_flag": 1, "change_message": "[{\"added\": {}}]"}}, {"model": "admin.logentry", "pk": 217, "fields": {"action_time": "2023-05-10T21:29:18.497Z", "user": 1, "content_type": 1, "object_id": "2", "object_repr": "Siren's Song", "action_flag": 2, "change_message": "[]"}}, {"model": "admin.logentry", "pk": 218, "fields": {"action_time": "2023-05-10T21:41:14.518Z", "user": 1, "content_type": 4, "object_id": "28", "object_repr": "Garden Madness", "action_flag": 1, "change_message": "[{\"added\": {}}]"}}, {"model": "admin.logentry", "pk": 219, "fields": {"action_time": "2023-05-10T21:41:32.538Z", "user": 1, "content_type": 1, "object_id": "26", "object_repr": "Garden Madness", "action_flag": 2, "change_message": "[]"}}, {"model": "admin.logentry", "pk": 220, "fields": {"action_time": "2023-05-10T21:41:57.833Z", "user": 1, "content_type": 1, "object_id": "28", "object_repr": "Garden Madness", "action_flag": 2, "change_message": "[{\"changed\": {\"fields\": [\"Picture\"]}}]"}}, {"model": "admin.logentry", "pk": 221, "fields": {"action_time": "2023-05-10T21:42:31.791Z", "user": 1, "content_type": 4, "object_id": "28", "object_repr": "Garden Madness", "action_flag": 2, "change_message": "[]"}}, {"model": "admin.logentry", "pk": 222, "fields": {"action_time": "2023-05-10T21:46:39.234Z", "user": 1, "content_type": 4, "object_id": "29", "object_repr": "Enchanted Dragon Fire", "action_flag": 1, "change_message": "[{\"added\": {}}]"}}, {"model": "admin.logentry", "pk": 223, "fields": {"action_time": "2023-05-10T21:47:18.967Z", "user": 1, "content_type": 1, "object_id": "27", "object_repr": "Enchanted Dragon Fire", "action_flag": 3, "change_message": ""}}, {"model": "admin.logentry", "pk": 224, "fields": {"action_time": "2023-05-10T21:47:19.067Z", "user": 1, "content_type": 1, "object_id": "26", "object_repr": "Garden Madness", "action_flag": 3, "change_message": ""}}, {"model": "admin.logentry", "pk": 225, "fields": {"action_time": "2023-05-10T21:56:35.213Z", "user": 1, "content_type": 4, "object_id": "30", "object_repr": "The Pined ham", "action_flag": 1, "change_message": "[{\"added\": {}}]"}}, {"model": "admin.logentry", "pk": 226, "fields": {"action_time": "2023-05-10T22:02:01.118Z", "user": 1, "content_type": 4, "object_id": "31", "object_repr": "Inferno's Fury", "action_flag": 1, "change_message": "[{\"added\": {}}]"}}, {"model": "admin.logentry", "pk": 227, "fields": {"action_time": "2023-05-10T22:06:16.753Z", "user": 1, "content_type": 4, "object_id": "32", "object_repr": "Fiery Date Night", "action_flag": 1, "change_message": "[{\"added\": {}}]"}}, {"model": "admin.logentry", "pk": 228, "fields": {"action_time": "2023-05-11T09:32:05.178Z", "user": 1, "content_type": 3, "object_id": "17", "object_repr": "Game Night", "action_flag": 2, "change_message": "[{\"changed\": {\"fields\": [\"Picture\"]}}]"}}, {"model": "admin.logentry", "pk": 229, "fields": {"action_time": "2023-05-11T09:33:02.672Z", "user": 1, "content_type": 3, "object_id": "17", "object_repr": "Game Night", "action_flag": 2, "change_message": "[{\"changed\": {\"fields\": [\"Picture\"]}}]"}}, {"model": "admin.logentry", "pk": 230, "fields": {"action_time": "2023-05-11T09:37:17.736Z", "user": 1, "content_type": 3, "object_id": "17", "object_repr": "Game Night", "action_flag": 2, "change_message": "[{\"changed\": {\"fields\": [\"Picture\"]}}]"}}, {"model": "admin.logentry", "pk": 231, "fields": {"action_time": "2023-05-11T09:39:00.959Z", "user": 1, "content_type": 3, "object_id": "8", "object_repr": "Family Deal", "action_flag": 2, "change_message": "[{\"changed\": {\"fields\": [\"Picture\"]}}]"}}, {"model": "admin.logentry", "pk": 232, "fields": {"action_time": "2023-05-11T09:39:40.852Z", "user": 1, "content_type": 18, "object_id": "5", "object_repr": "OfferTemplate object (5)", "action_flag": 1, "change_message": "[{\"added\": {}}]"}}, {"model": "admin.logentry", "pk": 233, "fields": {"action_time": "2023-05-11T09:40:01.258Z", "user": 1, "content_type": 18, "object_id": "6", "object_repr": "OfferTemplate object (6)", "action_flag": 1, "change_message": "[{\"added\": {}}]"}}, {"model": "admin.logentry", "pk": 234, "fields": {"action_time": "2023-05-11T09:40:15.867Z", "user": 1, "content_type": 18, "object_id": "7", "object_repr": "OfferTemplate object (7)", "action_flag": 1, "change_message": "[{\"added\": {}}]"}}, {"model": "admin.logentry", "pk": 235, "fields": {"action_time": "2023-05-11T09:48:41.994Z", "user": 1, "content_type": 1, "object_id": "13", "object_repr": "Appelsin", "action_flag": 2, "change_message": "[{\"changed\": {\"fields\": [\"Category\"]}}]"}}, {"model": "admin.logentry", "pk": 236, "fields": {"action_time": "2023-05-11T09:48:58.810Z", "user": 1, "content_type": 1, "object_id": "12", "object_repr": "MIX", "action_flag": 2, "change_message": "[{\"changed\": {\"fields\": [\"Category\"]}}]"}}, {"model": "admin.logentry", "pk": 237, "fields": {"action_time": "2023-05-11T09:49:32.520Z", "user": 1, "content_type": 1, "object_id": "11", "object_repr": "7-UP", "action_flag": 2, "change_message": "[{\"changed\": {\"fields\": [\"Category\"]}}]"}}, {"model": "admin.logentry", "pk": 238, "fields": {"action_time": "2023-05-11T09:49:46.177Z", "user": 1, "content_type": 1, "object_id": "10", "object_repr": "Kristall", "action_flag": 2, "change_message": "[{\"changed\": {\"fields\": [\"Category\"]}}]"}}, {"model": "admin.logentry", "pk": 239, "fields": {"action_time": "2023-05-11T09:49:59.239Z", "user": 1, "content_type": 1, "object_id": "9", "object_repr": "Pepsi", "action_flag": 2, "change_message": "[{\"changed\": {\"fields\": [\"Category\"]}}]"}}, {"model": "admin.logentry", "pk": 240, "fields": {"action_time": "2023-05-11T09:50:41.296Z", "user": 1, "content_type": 1, "object_id": "10", "object_repr": "Kristall", "action_flag": 2, "change_message": "[]"}}, {"model": "admin.logentry", "pk": 241, "fields": {"action_time": "2023-05-11T10:01:06.174Z", "user": 1, "content_type": 14, "object_id": "2", "object_repr": "New", "action_flag": 2, "change_message": "[{\"changed\": {\"fields\": [\"Type\"]}}]"}}, {"model": "admin.logentry", "pk": 242, "fields": {"action_time": "2023-05-11T10:01:53.060Z", "user": 1, "content_type": 3, "object_id": "8", "object_repr": "Family Deal", "action_flag": 2, "change_message": "[{\"changed\": {\"fields\": [\"Description\"]}}]"}}, {"model": "admin.logentry", "pk": 243, "fields": {"action_time": "2023-05-11T10:02:49.224Z", "user": 1, "content_type": 3, "object_id": "17", "object_repr": "Game Night", "action_flag": 2, "change_message": "[{\"changed\": {\"fields\": [\"Description\"]}}]"}}, {"model": "admin.logentry", "pk": 244, "fields": {"action_time": "2023-05-11T10:02:49.463Z", "user": 1, "content_type": 3, "object_id": "17", "object_repr": "Game Night", "action_flag": 2, "change_message": "[{\"changed\": {\"fields\": [\"Description\"]}}]"}}, {"model": "admin.logentry", "pk": 245, "fields": {"action_time": "2023-05-11T12:37:16.199Z", "user": 1, "content_type": 18, "object_id": "8", "object_repr": "OfferTemplate object (8)", "action_flag": 1, "change_message": "[{\"added\": {}}]"}}, {"model": "admin.logentry", "pk": 246, "fields": {"action_time": "2023-05-11T20:00:47.655Z", "user": 1, "content_type": 1, "object_id": "32", "object_repr": "Fiery Date Night", "action_flag": 2, "change_message": "[{\"changed\": {\"fields\": [\"Second picture\"]}}]"}}, {"model": "admin.logentry", "pk": 247, "fields": {"action_time": "2023-05-11T20:01:04.408Z", "user": 1, "content_type": 1, "object_id": "31", "object_repr": "Inferno's Fury", "action_flag": 2, "change_message": "[{\"changed\": {\"fields\": [\"Second picture\"]}}]"}}, {"model": "admin.logentry", "pk": 248, "fields": {"action_time": "2023-05-11T20:01:22.554Z", "user": 1, "content_type": 1, "object_id": "30", "object_repr": "The Pined ham", "action_flag": 2, "change_message": "[{\"changed\": {\"fields\": [\"Second picture\"]}}]"}}, {"model": "admin.logentry", "pk": 249, "fields": {"action_time": "2023-05-11T20:01:41.575Z", "user": 1, "content_type": 1, "object_id": "29", "object_repr": "Enchanted Dragon Fire", "action_flag": 2, "change_message": "[{\"changed\": {\"fields\": [\"Second picture\"]}}]"}}, {"model": "admin.logentry", "pk": 250, "fields": {"action_time": "2023-05-11T20:04:16.941Z", "user": 1, "content_type": 1, "object_id": "28", "object_repr": "Garden Madness", "action_flag": 2, "change_message": "[{\"changed\": {\"fields\": [\"Second picture\"]}}]"}}, {"model": "admin.logentry", "pk": 251, "fields": {"action_time": "2023-05-11T20:04:32.378Z", "user": 1, "content_type": 1, "object_id": "25", "object_repr": "Pizza - pin", "action_flag": 2, "change_message": "[{\"changed\": {\"fields\": [\"Second picture\"]}}]"}}, {"model": "admin.logentry", "pk": 252, "fields": {"action_time": "2023-05-11T20:04:53.393Z", "user": 1, "content_type": 1, "object_id": "24", "object_repr": "Pizza - pin", "action_flag": 2, "change_message": "[{\"changed\": {\"fields\": [\"Second picture\"]}}]"}}, {"model": "admin.logentry", "pk": 253, "fields": {"action_time": "2023-05-11T20:05:06.575Z", "user": 1, "content_type": 1, "object_id": "23", "object_repr": "Puff the Dragon - pin", "action_flag": 2, "change_message": "[{\"changed\": {\"fields\": [\"Second picture\"]}}]"}}, {"model": "admin.logentry", "pk": 254, "fields": {"action_time": "2023-05-11T20:05:22.800Z", "user": 1, "content_type": 1, "object_id": "22", "object_repr": "Puff the Dragon - Onesie", "action_flag": 2, "change_message": "[{\"changed\": {\"fields\": [\"Second picture\"]}}]"}}, {"model": "admin.logentry", "pk": 255, "fields": {"action_time": "2023-05-11T20:05:38.581Z", "user": 1, "content_type": 1, "object_id": "21", "object_repr": "Pizza plushie", "action_flag": 2, "change_message": "[{\"changed\": {\"fields\": [\"Second picture\"]}}]"}}, {"model": "admin.logentry", "pk": 256, "fields": {"action_time": "2023-05-11T20:05:57.392Z", "user": 1, "content_type": 1, "object_id": "20", "object_repr": "Pizza sticker", "action_flag": 2, "change_message": "[{\"changed\": {\"fields\": [\"Second picture\"]}}]"}}, {"model": "admin.logentry", "pk": 257, "fields": {"action_time": "2023-05-11T20:06:10.915Z", "user": 1, "content_type": 1, "object_id": "19", "object_repr": "Puff the Dragon - sticker", "action_flag": 2, "change_message": "[{\"changed\": {\"fields\": [\"Second picture\"]}}]"}}, {"model": "admin.logentry", "pk": 258, "fields": {"action_time": "2023-05-11T20:06:26.569Z", "user": 1, "content_type": 1, "object_id": "18", "object_repr": "Puff the Dragon", "action_flag": 2, "change_message": "[{\"changed\": {\"fields\": [\"Second picture\"]}}]"}}, {"model": "admin.logentry", "pk": 259, "fields": {"action_time": "2023-05-11T20:06:47.270Z", "user": 1, "content_type": 1, "object_id": "17", "object_repr": "Game Night", "action_flag": 2, "change_message": "[{\"changed\": {\"fields\": [\"Second picture\"]}}]"}}, {"model": "admin.logentry", "pk": 260, "fields": {"action_time": "2023-05-11T20:07:03.081Z", "user": 1, "content_type": 1, "object_id": "16", "object_repr": "Golden Elegance", "action_flag": 2, "change_message": "[{\"changed\": {\"fields\": [\"Second picture\"]}}]"}}, {"model": "admin.logentry", "pk": 261, "fields": {"action_time": "2023-05-11T20:07:18.002Z", "user": 1, "content_type": 1, "object_id": "13", "object_repr": "Appelsin", "action_flag": 2, "change_message": "[{\"changed\": {\"fields\": [\"Second picture\"]}}]"}}, {"model": "admin.logentry", "pk": 262, "fields": {"action_time": "2023-05-11T20:07:45.771Z", "user": 1, "content_type": 1, "object_id": "12", "object_repr": "MIX", "action_flag": 2, "change_message": "[{\"changed\": {\"fields\": [\"Second picture\"]}}]"}}, {"model": "admin.logentry", "pk": 263, "fields": {"action_time": "2023-05-11T20:08:00.215Z", "user": 1, "content_type": 1, "object_id": "11", "object_repr": "7-UP", "action_flag": 2, "change_message": "[{\"changed\": {\"fields\": [\"Second picture\"]}}]"}}, {"model": "admin.logentry", "pk": 264, "fields": {"action_time": "2023-05-11T20:09:22.068Z", "user": 1, "content_type": 1, "object_id": "10", "object_repr": "Kristall", "action_flag": 2, "change_message": "[{\"changed\": {\"fields\": [\"Second picture\"]}}]"}}, {"model": "admin.logentry", "pk": 265, "fields": {"action_time": "2023-05-11T20:09:40.564Z", "user": 1, "content_type": 1, "object_id": "9", "object_repr": "Pepsi", "action_flag": 2, "change_message": "[{\"changed\": {\"fields\": [\"Second picture\"]}}]"}}, {"model": "admin.logentry", "pk": 266, "fields": {"action_time": "2023-05-11T20:10:01.111Z", "user": 1, "content_type": 1, "object_id": "8", "object_repr": "Family Deal", "action_flag": 2, "change_message": "[{\"changed\": {\"fields\": [\"Second picture\"]}}]"}}, {"model": "admin.logentry", "pk": 267, "fields": {"action_time": "2023-05-11T20:10:30.028Z", "user": 1, "content_type": 1, "object_id": "5", "object_repr": "Ogre's breakfast", "action_flag": 2, "change_message": "[{\"changed\": {\"fields\": [\"Second picture\"]}}]"}}, {"model": "admin.logentry", "pk": 268, "fields": {"action_time": "2023-05-11T20:10:53.077Z", "user": 1, "content_type": 1, "object_id": "4", "object_repr": "Mystic Mushroom", "action_flag": 2, "change_message": "[{\"changed\": {\"fields\": [\"Second picture\"]}}]"}}, {"model": "admin.logentry", "pk": 269, "fields": {"action_time": "2023-05-11T20:12:40.866Z", "user": 1, "content_type": 1, "object_id": "3", "object_repr": "Lair of the Beast", "action_flag": 2, "change_message": "[{\"changed\": {\"fields\": [\"Second picture\"]}}]"}}, {"model": "admin.logentry", "pk": 270, "fields": {"action_time": "2023-05-11T20:12:59.971Z", "user": 1, "content_type": 1, "object_id": "1", "object_repr": "Dragon's Fury", "action_flag": 2, "change_message": "[{\"changed\": {\"fields\": [\"Second picture\"]}}]"}}, {"model": "admin.logentry", "pk": 271, "fields": {"action_time": "2023-05-11T20:13:21.157Z", "user": 1, "content_type": 1, "object_id": "2", "object_repr": "Siren's Song", "action_flag": 2, "change_message": "[{\"changed\": {\"fields\": [\"Second picture\"]}}]"}}, {"model": "admin.logentry", "pk": 272, "fields": {"action_time": "2023-05-11T20:17:24.245Z", "user": 1, "content_type": 1, "object_id": "14", "object_repr": "Enchanted Ember Wings(BBQ)", "action_flag": 2, "change_message": "[{\"changed\": {\"fields\": [\"Second picture\"]}}]"}}, {"model": "admin.logentry", "pk": 273, "fields": {"action_time": "2023-05-11T20:17:40.531Z", "user": 1, "content_type": 1, "object_id": "15", "object_repr": "Enchanted Ember Wings(Hot sauce)", "action_flag": 2, "change_message": "[{\"changed\": {\"fields\": [\"Second picture\"]}}]"}}, {"model": "admin.logentry", "pk": 274, "fields": {"action_time": "2023-05-11T20:22:18.240Z", "user": 1, "content_type": 1, "object_id": "14", "object_repr": "Enchanted Ember Wings(BBQ)", "action_flag": 2, "change_message": "[{\"changed\": {\"fields\": [\"Second picture\"]}}]"}}, {"model": "admin.logentry", "pk": 275, "fields": {"action_time": "2023-05-11T23:33:10.139Z", "user": 1, "content_type": 1, "object_id": "25", "object_repr": "Pizza - pin", "action_flag": 2, "change_message": "[{\"changed\": {\"fields\": [\"Price\", \"Loyalty points bonus\"]}}]"}}, {"model": "admin.logentry", "pk": 276, "fields": {"action_time": "2023-05-11T23:33:24.003Z", "user": 1, "content_type": 1, "object_id": "24", "object_repr": "Pizza - pin", "action_flag": 2, "change_message": "[{\"changed\": {\"fields\": [\"Price\", \"Loyalty points bonus\"]}}]"}}, {"model": "admin.logentry", "pk": 277, "fields": {"action_time": "2023-05-11T23:33:42.064Z", "user": 1, "content_type": 1, "object_id": "23", "object_repr": "Puff the Dragon - pin", "action_flag": 2, "change_message": "[{\"changed\": {\"fields\": [\"Price\", \"Loyalty points bonus\"]}}]"}}, {"model": "admin.logentry", "pk": 278, "fields": {"action_time": "2023-05-11T23:33:54.621Z", "user": 1, "content_type": 1, "object_id": "22", "object_repr": "Puff the Dragon - Onesie", "action_flag": 2, "change_message": "[{\"changed\": {\"fields\": [\"Price\", \"Loyalty points bonus\"]}}]"}}, {"model": "admin.logentry", "pk": 279, "fields": {"action_time": "2023-05-11T23:34:05.208Z", "user": 1, "content_type": 1, "object_id": "21", "object_repr": "Pizza plushie", "action_flag": 2, "change_message": "[{\"changed\": {\"fields\": [\"Price\", \"Loyalty points bonus\"]}}]"}}, {"model": "admin.logentry", "pk": 280, "fields": {"action_time": "2023-05-11T23:34:14.586Z", "user": 1, "content_type": 1, "object_id": "20", "object_repr": "Pizza sticker", "action_flag": 2, "change_message": "[{\"changed\": {\"fields\": [\"Price\", \"Loyalty points bonus\"]}}]"}}, {"model": "admin.logentry", "pk": 281, "fields": {"action_time": "2023-05-11T23:34:26.548Z", "user": 1, "content_type": 1, "object_id": "19", "object_repr": "Puff the Dragon - sticker", "action_flag": 2, "change_message": "[{\"changed\": {\"fields\": [\"Price\", \"Loyalty points bonus\"]}}]"}}, {"model": "admin.logentry", "pk": 282, "fields": {"action_time": "2023-05-11T23:34:37.358Z", "user": 1, "content_type": 1, "object_id": "18", "object_repr": "Puff the Dragon", "action_flag": 2, "change_message": "[{\"changed\": {\"fields\": [\"Price\", \"Loyalty points bonus\"]}}]"}}, {"model": "admin.logentry", "pk": 283, "fields": {"action_time": "2023-05-12T00:32:33.698Z", "user": 1, "content_type": 8, "object_id": "1", "object_repr": "admin", "action_flag": 2, "change_message": "[{\"changed\": {\"fields\": [\"Loyalty points\"]}}]"}}, {"model": "admin.logentry", "pk": 284, "fields": {"action_time": "2023-05-12T11:21:22.624Z", "user": 1, "content_type": 8, "object_id": "11", "object_repr": "Dade", "action_flag": 2, "change_message": "[{\"changed\": {\"fields\": [\"Loyalty points\"]}}]"}}, {"model": "admin.logentry", "pk": 285, "fields": {"action_time": "2023-05-12T13:26:43.509Z", "user": 1, "content_type": 2, "object_id": "9", "object_repr": "Drinks", "action_flag": 2, "change_message": "[{\"changed\": {\"fields\": [\"Filter\"]}}]"}}, {"model": "admin.logentry", "pk": 286, "fields": {"action_time": "2023-05-12T14:45:43.832Z", "user": 1, "content_type": 18, "object_id": "8", "object_repr": "OfferTemplate object (8)", "action_flag": 3, "change_message": ""}}, {"model": "admin.logentry", "pk": 287, "fields": {"action_time": "2023-05-12T14:56:19.975Z", "user": 1, "content_type": 3, "object_id": "33", "object_repr": "Vegan Combo", "action_flag": 1, "change_message": "[{\"added\": {}}]"}}, {"model": "admin.logentry", "pk": 288, "fields": {"action_time": "2023-05-12T14:57:04.296Z", "user": 1, "content_type": 18, "object_id": "9", "object_repr": "OfferTemplate object (9)", "action_flag": 1, "change_message": "[{\"added\": {}}]"}}, {"model": "admin.logentry", "pk": 289, "fields": {"action_time": "2023-05-12T14:57:15.844Z", "user": 1, "content_type": 18, "object_id": "10", "object_repr": "OfferTemplate object (10)", "action_flag": 1, "change_message": "[{\"added\": {}}]"}}, {"model": "admin.logentry", "pk": 290, "fields": {"action_time": "2023-05-12T14:58:38.290Z", "user": 1, "content_type": 3, "object_id": "17", "object_repr": "Game Night", "action_flag": 2, "change_message": "[{\"changed\": {\"fields\": [\"Description\"]}}]"}}, {"model": "admin.logentry", "pk": 291, "fields": {"action_time": "2023-05-12T14:59:15.727Z", "user": 1, "content_type": 3, "object_id": "8", "object_repr": "Family Deal", "action_flag": 2, "change_message": "[{\"changed\": {\"fields\": [\"Price\", \"Description\"]}}]"}}, {"model": "admin.logentry", "pk": 292, "fields": {"action_time": "2023-05-12T14:59:40.245Z", "user": 1, "content_type": 3, "object_id": "17", "object_repr": "Game Night", "action_flag": 2, "change_message": "[{\"changed\": {\"fields\": [\"Price\"]}}]"}}, {"model": "admin.logentry", "pk": 293, "fields": {"action_time": "2023-05-12T15:00:15.189Z", "user": 1, "content_type": 3, "object_id": "33", "object_repr": "Vegan Combo", "action_flag": 2, "change_message": "[{\"changed\": {\"fields\": [\"Description\"]}}]"}}, {"model": "admin.logentry", "pk": 294, "fields": {"action_time": "2023-05-12T15:01:04.193Z", "user": 1, "content_type": 18, "object_id": "9", "object_repr": "OfferTemplate object (9)", "action_flag": 2, "change_message": "[{\"changed\": {\"fields\": [\"Category\"]}}]"}}, {"model": "admin.logentry", "pk": 295, "fields": {"action_time": "2023-05-12T15:01:15.383Z", "user": 1, "content_type": 18, "object_id": "10", "object_repr": "OfferTemplate object (10)", "action_flag": 2, "change_message": "[{\"changed\": {\"fields\": [\"Category\"]}}]"}}, {"model": "admin.logentry", "pk": 296, "fields": {"action_time": "2023-05-12T15:04:09.936Z", "user": 1, "content_type": 1, "object_id": "16", "object_repr": "Golden Elegance", "action_flag": 2, "change_message": "[{\"changed\": {\"fields\": [\"Category\"]}}]"}}, {"model": "admin.logentry", "pk": 297, "fields": {"action_time": "2023-05-12T15:27:56.156Z", "user": 1, "content_type": 25, "object_id": "1", "object_repr": "PizzaTopping object (1)", "action_flag": 1, "change_message": "[{\"added\": {}}]"}}, {"model": "admin.logentry", "pk": 298, "fields": {"action_time": "2023-05-12T15:28:12.175Z", "user": 1, "content_type": 25, "object_id": "2", "object_repr": "PizzaTopping object (2)", "action_flag": 1, "change_message": "[{\"added\": {}}]"}}, {"model": "admin.logentry", "pk": 299, "fields": {"action_time": "2023-05-12T15:28:25.946Z", "user": 1, "content_type": 25, "object_id": "3", "object_repr": "PizzaTopping object (3)", "action_flag": 1, "change_message": "[{\"added\": {}}]"}}, {"model": "admin.logentry", "pk": 300, "fields": {"action_time": "2023-05-12T15:28:57.844Z", "user": 1, "content_type": 25, "object_id": "4", "object_repr": "PizzaTopping object (4)", "action_flag": 1, "change_message": "[{\"added\": {}}]"}}, {"model": "admin.logentry", "pk": 301, "fields": {"action_time": "2023-05-12T15:29:08.641Z", "user": 1, "content_type": 25, "object_id": "5", "object_repr": "PizzaTopping object (5)", "action_flag": 1, "change_message": "[{\"added\": {}}]"}}, {"model": "admin.logentry", "pk": 302, "fields": {"action_time": "2023-05-12T15:29:19.574Z", "user": 1, "content_type": 25, "object_id": "6", "object_repr": "PizzaTopping object (6)", "action_flag": 1, "change_message": "[{\"added\": {}}]"}}, {"model": "admin.logentry", "pk": 303, "fields": {"action_time": "2023-05-12T15:30:22.278Z", "user": 1, "content_type": 25, "object_id": "7", "object_repr": "PizzaTopping object (7)", "action_flag": 1, "change_message": "[{\"added\": {}}]"}}, {"model": "admin.logentry", "pk": 304, "fields": {"action_time": "2023-05-12T15:30:42.439Z", "user": 1, "content_type": 25, "object_id": "8", "object_repr": "PizzaTopping object (8)", "action_flag": 1, "change_message": "[{\"added\": {}}]"}}, {"model": "admin.logentry", "pk": 305, "fields": {"action_time": "2023-05-12T15:31:06.122Z", "user": 1, "content_type": 25, "object_id": "9", "object_repr": "PizzaTopping object (9)", "action_flag": 1, "change_message": "[{\"added\": {}}]"}}, {"model": "admin.logentry", "pk": 306, "fields": {"action_time": "2023-05-12T15:31:30.353Z", "user": 1, "content_type": 25, "object_id": "10", "object_repr": "PizzaTopping object (10)", "action_flag": 1, "change_message": "[{\"added\": {}}]"}}, {"model": "admin.logentry", "pk": 307, "fields": {"action_time": "2023-05-12T15:31:38.790Z", "user": 1, "content_type": 25, "object_id": "11", "object_repr": "PizzaTopping object (11)", "action_flag": 1, "change_message": "[{\"added\": {}}]"}}, {"model": "admin.logentry", "pk": 308, "fields": {"action_time": "2023-05-12T15:31:47.179Z", "user": 1, "content_type": 25, "object_id": "12", "object_repr": "PizzaTopping object (12)", "action_flag": 1, "change_message": "[{\"added\": {}}]"}}, {"model": "admin.logentry", "pk": 309, "fields": {"action_time": "2023-05-12T15:32:01.338Z", "user": 1, "content_type": 25, "object_id": "13", "object_repr": "PizzaTopping object (13)", "action_flag": 1, "change_message": "[{\"added\": {}}]"}}, {"model": "admin.logentry", "pk": 310, "fields": {"action_time": "2023-05-12T15:32:17.045Z", "user": 1, "content_type": 4, "object_id": "32", "object_repr": "Fiery Date Night", "action_flag": 2, "change_message": "[{\"changed\": {\"fields\": [\"Second picture\"]}}]"}}, {"model": "admin.logentry", "pk": 311, "fields": {"action_time": "2023-05-12T15:32:26.283Z", "user": 1, "content_type": 4, "object_id": "31", "object_repr": "Inferno's Fury", "action_flag": 2, "change_message": "[{\"changed\": {\"fields\": [\"Second picture\"]}}]"}}, {"model": "admin.logentry", "pk": 312, "fields": {"action_time": "2023-05-12T15:33:14.937Z", "user": 1, "content_type": 25, "object_id": "14", "object_repr": "PizzaTopping object (14)", "action_flag": 1, "change_message": "[{\"added\": {}}]"}}, {"model": "admin.logentry", "pk": 313, "fields": {"action_time": "2023-05-12T15:33:16.538Z", "user": 1, "content_type": 4, "object_id": "32", "object_repr": "Fiery Date Night", "action_flag": 2, "change_message": "[{\"changed\": {\"fields\": [\"Second picture\"]}}]"}}, {"model": "admin.logentry", "pk": 314, "fields": {"action_time": "2023-05-12T15:33:28.543Z", "user": 1, "content_type": 4, "object_id": "31", "object_repr": "Inferno's Fury", "action_flag": 2, "change_message": "[{\"changed\": {\"fields\": [\"Second picture\"]}}]"}}, {"model": "admin.logentry", "pk": 315, "fields": {"action_time": "2023-05-12T15:33:32.664Z", "user": 1, "content_type": 25, "object_id": "15", "object_repr": "PizzaTopping object (15)", "action_flag": 1, "change_message": "[{\"added\": {}}]"}}, {"model": "admin.logentry", "pk": 316, "fields": {"action_time": "2023-05-12T15:33:38.743Z", "user": 1, "content_type": 4, "object_id": "30", "object_repr": "The Pined ham", "action_flag": 2, "change_message": "[{\"changed\": {\"fields\": [\"Second picture\"]}}]"}}, {"model": "admin.logentry", "pk": 317, "fields": {"action_time": "2023-05-12T15:33:48.864Z", "user": 1, "content_type": 4, "object_id": "29", "object_repr": "Enchanted Dragon Fire", "action_flag": 2, "change_message": "[{\"changed\": {\"fields\": [\"Second picture\"]}}]"}}, {"model": "admin.logentry", "pk": 318, "fields": {"action_time": "2023-05-12T15:34:01.692Z", "user": 1, "content_type": 25, "object_id": "16", "object_repr": "PizzaTopping object (16)", "action_flag": 1, "change_message": "[{\"added\": {}}]"}}, {"model": "admin.logentry", "pk": 319, "fields": {"action_time": "2023-05-12T15:34:02.137Z", "user": 1, "content_type": 4, "object_id": "29", "object_repr": "Enchanted Dragon Fire", "action_flag": 2, "change_message": "[{\"changed\": {\"fields\": [\"Second picture\"]}}]"}}, {"model": "admin.logentry", "pk": 320, "fields": {"action_time": "2023-05-12T15:34:14.563Z", "user": 1, "content_type": 4, "object_id": "28", "object_repr": "Garden Madness", "action_flag": 2, "change_message": "[{\"changed\": {\"fields\": [\"Second picture\"]}}]"}}, {"model": "admin.logentry", "pk": 321, "fields": {"action_time": "2023-05-12T15:34:17.993Z", "user": 1, "content_type": 25, "object_id": "17", "object_repr": "PizzaTopping object (17)", "action_flag": 1, "change_message": "[{\"added\": {}}]"}}, {"model": "admin.logentry", "pk": 322, "fields": {"action_time": "2023-05-12T15:34:26.606Z", "user": 1, "content_type": 4, "object_id": "5", "object_repr": "Ogre's breakfast", "action_flag": 2, "change_message": "[{\"changed\": {\"fields\": [\"Second picture\"]}}]"}}, {"model": "admin.logentry", "pk": 323, "fields": {"action_time": "2023-05-12T15:34:29.312Z", "user": 1, "content_type": 25, "object_id": "18", "object_repr": "PizzaTopping object (18)", "action_flag": 1, "change_message": "[{\"added\": {}}]"}}, {"model": "admin.logentry", "pk": 324, "fields": {"action_time": "2023-05-12T15:34:53.488Z", "user": 1, "content_type": 25, "object_id": "19", "object_repr": "PizzaTopping object (19)", "action_flag": 1, "change_message": "[{\"added\": {}}]"}}, {"model": "admin.logentry", "pk": 325, "fields": {"action_time": "2023-05-12T15:35:04.687Z", "user": 1, "content_type": 25, "object_id": "20", "object_repr": "PizzaTopping object (20)", "action_flag": 1, "change_message": "[{\"added\": {}}]"}}, {"model": "admin.logentry", "pk": 326, "fields": {"action_time": "2023-05-12T15:35:05.243Z", "user": 1, "content_type": 4, "object_id": "4", "object_repr": "Mystic Mushroom", "action_flag": 2, "change_message": "[{\"changed\": {\"fields\": [\"Second picture\"]}}]"}}, {"model": "admin.logentry", "pk": 327, "fields": {"action_time": "2023-05-12T15:35:13.854Z", "user": 1, "content_type": 4, "object_id": "5", "object_repr": "Ogre's breakfast", "action_flag": 2, "change_message": "[]"}}, {"model": "admin.logentry", "pk": 328, "fields": {"action_time": "2023-05-12T15:35:31.230Z", "user": 1, "content_type": 4, "object_id": "3", "object_repr": "Lair of the Beast", "action_flag": 2, "change_message": "[{\"changed\": {\"fields\": [\"Second picture\"]}}]"}}, {"model": "admin.logentry", "pk": 329, "fields": {"action_time": "2023-05-12T15:36:19.853Z", "user": 1, "content_type": 4, "object_id": "2", "object_repr": "Siren's Song", "action_flag": 2, "change_message": "[{\"changed\": {\"fields\": [\"Second picture\"]}}]"}}, {"model": "admin.logentry", "pk": 330, "fields": {"action_time": "2023-05-12T15:37:12.694Z", "user": 1, "content_type": 4, "object_id": "1", "object_repr": "Dragon's Fury", "action_flag": 2, "change_message": "[{\"changed\": {\"fields\": [\"Second picture\"]}}]"}}, {"model": "admin.logentry", "pk": 331, "fields": {"action_time": "2023-05-12T15:38:02.773Z", "user": 1, "content_type": 4, "object_id": "2", "object_repr": "Siren's Song", "action_flag": 2, "change_message": "[]"}}, {"model": "admin.logentry", "pk": 332, "fields": {"action_time": "2023-05-12T15:38:12.008Z", "user": 1, "content_type": 4, "object_id": "29", "object_repr": "Enchanted Dragon Fire", "action_flag": 2, "change_message": "[]"}}, {"model": "admin.logentry", "pk": 333, "fields": {"action_time": "2023-05-12T15:38:24.764Z", "user": 1, "content_type": 4, "object_id": "2", "object_repr": "Siren's Song", "action_flag": 2, "change_message": "[]"}}, {"model": "admin.logentry", "pk": 334, "fields": {"action_time": "2023-05-12T16:00:16.164Z", "user": 1, "content_type": 25, "object_id": "21", "object_repr": "tomato sauce", "action_flag": 1, "change_message": "[{\"added\": {}}]"}}, {"model": "admin.logentry", "pk": 335, "fields": {"action_time": "2023-05-12T16:00:55.766Z", "user": 1, "content_type": 25, "object_id": "22", "object_repr": "mozzarella", "action_flag": 1, "change_message": "[{\"added\": {}}]"}}, {"model": "admin.logentry", "pk": 336, "fields": {"action_time": "2023-05-12T16:01:09.692Z", "user": 1, "content_type": 25, "object_id": "23", "object_repr": "vegan cheese", "action_flag": 1, "change_message": "[{\"added\": {}}]"}}, {"model": "admin.logentry", "pk": 337, "fields": {"action_time": "2023-05-12T16:01:46.266Z", "user": 1, "content_type": 25, "object_id": "24", "object_repr": "vegan pepperoni", "action_flag": 1, "change_message": "[{\"added\": {}}]"}}, {"model": "admin.logentry", "pk": 338, "fields": {"action_time": "2023-05-12T16:30:02.812Z", "user": 1, "content_type": 25, "object_id": "25", "object_repr": "cabbage", "action_flag": 1, "change_message": "[{\"added\": {}}]"}}, {"model": "admin.logentry", "pk": 339, "fields": {"action_time": "2023-05-12T16:36:55.724Z", "user": 1, "content_type": 4, "object_id": "34", "object_repr": "Green Field", "action_flag": 1, "change_message": "[{\"added\": {}}]"}}, {"model": "admin.logentry", "pk": 340, "fields": {"action_time": "2023-05-12T16:37:38.195Z", "user": 1, "content_type": 4, "object_id": "32", "object_repr": "Fiery Date Night", "action_flag": 2, "change_message": "[{\"changed\": {\"fields\": [\"New toppings\"]}}]"}}, {"model": "admin.logentry", "pk": 341, "fields": {"action_time": "2023-05-12T16:38:03.066Z", "user": 1, "content_type": 4, "object_id": "31", "object_repr": "Inferno's Fury", "action_flag": 2, "change_message": "[{\"changed\": {\"fields\": [\"New toppings\"]}}]"}}, {"model": "admin.logentry", "pk": 342, "fields": {"action_time": "2023-05-12T16:38:32.857Z", "user": 1, "content_type": 4, "object_id": "30", "object_repr": "The Pined ham", "action_flag": 2, "change_message": "[{\"changed\": {\"fields\": [\"New toppings\"]}}]"}}, {"model": "admin.logentry", "pk": 343, "fields": {"action_time": "2023-05-12T16:39:34.235Z", "user": 1, "content_type": 25, "object_id": "26", "object_repr": "vegan cream cheese", "action_flag": 1, "change_message": "[{\"added\": {}}]"}}, {"model": "admin.logentry", "pk": 344, "fields": {"action_time": "2023-05-12T16:39:54.300Z", "user": 1, "content_type": 25, "object_id": "27", "object_repr": "nacho crisps", "action_flag": 1, "change_message": "[{\"added\": {}}]"}}, {"model": "admin.logentry", "pk": 345, "fields": {"action_time": "2023-05-12T16:40:30.502Z", "user": 1, "content_type": 4, "object_id": "29", "object_repr": "Enchanted Dragon Fire", "action_flag": 2, "change_message": "[{\"changed\": {\"fields\": [\"New toppings\"]}}]"}}, {"model": "admin.logentry", "pk": 346, "fields": {"action_time": "2023-05-12T16:41:06.505Z", "user": 1, "content_type": 4, "object_id": "28", "object_repr": "Garden Madness", "action_flag": 2, "change_message": "[{\"changed\": {\"fields\": [\"New toppings\"]}}]"}}, {"model": "admin.logentry", "pk": 347, "fields": {"action_time": "2023-05-12T16:41:51.947Z", "user": 1, "content_type": 25, "object_id": "28", "object_repr": "egg", "action_flag": 1, "change_message": "[{\"added\": {}}]"}}, {"model": "admin.logentry", "pk": 348, "fields": {"action_time": "2023-05-12T16:46:49.938Z", "user": 1, "content_type": 4, "object_id": "5", "object_repr": "Ogre's breakfast", "action_flag": 2, "change_message": "[{\"changed\": {\"fields\": [\"Toppings\", \"New toppings\"]}}]"}}, {"model": "admin.logentry", "pk": 349, "fields": {"action_time": "2023-05-12T16:47:38.447Z", "user": 1, "content_type": 4, "object_id": "4", "object_repr": "Mystic Mushroom", "action_flag": 2, "change_message": "[{\"changed\": {\"fields\": [\"Toppings\", \"New toppings\"]}}]"}}, {"model": "admin.logentry", "pk": 350, "fields": {"action_time": "2023-05-12T16:48:35.653Z", "user": 1, "content_type": 4, "object_id": "3", "object_repr": "Lair of the Beast", "action_flag": 2, "change_message": "[{\"changed\": {\"fields\": [\"Description\", \"Toppings\", \"New toppings\"]}}]"}}, {"model": "admin.logentry", "pk": 351, "fields": {"action_time": "2023-05-12T16:50:14.016Z", "user": 1, "content_type": 4, "object_id": "2", "object_repr": "Siren's Song", "action_flag": 2, "change_message": "[{\"changed\": {\"fields\": [\"Description\", \"Toppings\", \"New toppings\"]}}]"}}, {"model": "admin.logentry", "pk": 352, "fields": {"action_time": "2023-05-12T16:50:50.904Z", "user": 1, "content_type": 4, "object_id": "1", "object_repr": "Dragon's Fury", "action_flag": 2, "change_message": "[{\"changed\": {\"fields\": [\"New toppings\"]}}]"}}, {"model": "admin.logentry", "pk": 353, "fields": {"action_time": "2023-05-12T16:51:59.267Z", "user": 1, "content_type": 4, "object_id": "1", "object_repr": "Dragon's Fury", "action_flag": 2, "change_message": "[{\"changed\": {\"fields\": [\"Description\", \"New toppings\"]}}]"}}, {"model": "admin.logentry", "pk": 354, "fields": {"action_time": "2023-05-12T17:03:31.882Z", "user": 1, "content_type": 4, "object_id": "1", "object_repr": "Dragon's Fury", "action_flag": 2, "change_message": "[{\"changed\": {\"fields\": [\"Description\"]}}]"}}, {"model": "admin.logentry", "pk": 355, "fields": {"action_time": "2023-05-12T17:04:38.859Z", "user": 1, "content_type": 4, "object_id": "28", "object_repr": "Garden Madness", "action_flag": 2, "change_message": "[{\"changed\": {\"fields\": [\"Description\"]}}]"}}, {"model": "admin.logentry", "pk": 356, "fields": {"action_time": "2023-05-12T17:05:08.193Z", "user": 1, "content_type": 4, "object_id": "4", "object_repr": "Mystic Mushroom", "action_flag": 2, "change_message": "[{\"changed\": {\"fields\": [\"Description\"]}}]"}}, {"model": "admin.logentry", "pk": 357, "fields": {"action_time": "2023-05-12T18:17:53.386Z", "user": 1, "content_type": 5, "object_id": "37", "object_repr": "Order #37 by admin", "action_flag": 2, "change_message": "[{\"changed\": {\"fields\": [\"Billing phone number\"]}}]"}}, {"model": "admin.logentry", "pk": 358, "fields": {"action_time": "2023-05-12T22:01:46.203Z", "user": 1, "content_type": 8, "object_id": "18", "object_repr": "Enrique", "action_flag": 1, "change_message": "[{\"added\": {}}]"}}, {"model": "admin.logentry", "pk": 359, "fields": {"action_time": "2023-05-12T22:02:38.125Z", "user": 1, "content_type": 8, "object_id": "19", "object_repr": "Hall", "action_flag": 1, "change_message": "[{\"added\": {}}]"}}, {"model": "admin.logentry", "pk": 360, "fields": {"action_time": "2023-05-12T22:05:14.079Z", "user": 1, "content_type": 8, "object_id": "20", "object_repr": "Robert", "action_flag": 1, "change_message": "[{\"added\": {}}]"}}, {"model": "admin.logentry", "pk": 361, "fields": {"action_time": "2023-05-12T22:06:59.656Z", "user": 1, "content_type": 8, "object_id": "18", "object_repr": "Enrique", "action_flag": 2, "change_message": "[]"}}, {"model": "admin.logentry", "pk": 362, "fields": {"action_time": "2023-05-12T22:09:02.332Z", "user": 1, "content_type": 8, "object_id": "21", "object_repr": "PizzaLover67", "action_flag": 1, "change_message": "[{\"added\": {}}]"}}, {"model": "admin.logentry", "pk": 363, "fields": {"action_time": "2023-05-12T22:10:08.965Z", "user": 1, "content_type": 8, "object_id": "21", "object_repr": "PizzaLover67", "action_flag": 2, "change_message": "[]"}}, {"model": "admin.logentry", "pk": 364, "fields": {"action_time": "2023-05-12T22:12:35.297Z", "user": 1, "content_type": 8, "object_id": "22", "object_repr": "FeedmePizza", "action_flag": 1, "change_message": "[{\"added\": {}}]"}}, {"model": "admin.logentry", "pk": 365, "fields": {"action_time": "2023-05-12T22:19:54.120Z", "user": 1, "content_type": 8, "object_id": "11", "object_repr": "Dade", "action_flag": 2, "change_message": "[]"}}, {"model": "admin.logentry", "pk": 366, "fields": {"action_time": "2023-05-12T22:59:49.775Z", "user": 1, "content_type": 8, "object_id": "11", "object_repr": "Dade", "action_flag": 2, "change_message": "[{\"changed\": {\"fields\": [\"Loyalty points\"]}}]"}}, {"model": "auth.permission", "pk": 1, "fields": {"name": "Can add product", "content_type": 1, "codename": "add_product"}}, {"model": "auth.permission", "pk": 2, "fields": {"name": "Can change product", "content_type": 1, "codename": "change_product"}}, {"model": "auth.permission", "pk": 3, "fields": {"name": "Can delete product", "content_type": 1, "codename": "delete_product"}}, {"model": "auth.permission", "pk": 4, "fields": {"name": "Can view product", "content_type": 1, "codename": "view_product"}}, {"model": "auth.permission", "pk": 5, "fields": {"name": "Can add product category", "content_type": 2, "codename": "add_productcategory"}}, {"model": "auth.permission", "pk": 6, "fields": {"name": "Can change product category", "content_type": 2, "codename": "change_productcategory"}}, {"model": "auth.permission", "pk": 7, "fields": {"name": "Can delete product category", "content_type": 2, "codename": "delete_productcategory"}}, {"model": "auth.permission", "pk": 8, "fields": {"name": "Can view product category", "content_type": 2, "codename": "view_productcategory"}}, {"model": "auth.permission", "pk": 9, "fields": {"name": "Can add offer", "content_type": 3, "codename": "add_offer"}}, {"model": "auth.permission", "pk": 10, "fields": {"name": "Can change offer", "content_type": 3, "codename": "change_offer"}}, {"model": "auth.permission", "pk": 11, "fields": {"name": "Can delete offer", "content_type": 3, "codename": "delete_offer"}}, {"model": "auth.permission", "pk": 12, "fields": {"name": "Can view offer", "content_type": 3, "codename": "view_offer"}}, {"model": "auth.permission", "pk": 13, "fields": {"name": "Can add pizza", "content_type": 4, "codename": "add_pizza"}}, {"model": "auth.permission", "pk": 14, "fields": {"name": "Can change pizza", "content_type": 4, "codename": "change_pizza"}}, {"model": "auth.permission", "pk": 15, "fields": {"name": "Can delete pizza", "content_type": 4, "codename": "delete_pizza"}}, {"model": "auth.permission", "pk": 16, "fields": {"name": "Can view pizza", "content_type": 4, "codename": "view_pizza"}}, {"model": "auth.permission", "pk": 17, "fields": {"name": "Can add order", "content_type": 5, "codename": "add_order"}}, {"model": "auth.permission", "pk": 18, "fields": {"name": "Can change order", "content_type": 5, "codename": "change_order"}}, {"model": "auth.permission", "pk": 19, "fields": {"name": "Can delete order", "content_type": 5, "codename": "delete_order"}}, {"model": "auth.permission", "pk": 20, "fields": {"name": "Can view order", "content_type": 5, "codename": "view_order"}}, {"model": "auth.permission", "pk": 21, "fields": {"name": "Can add cart", "content_type": 6, "codename": "add_cart"}}, {"model": "auth.permission", "pk": 22, "fields": {"name": "Can change cart", "content_type": 6, "codename": "change_cart"}}, {"model": "auth.permission", "pk": 23, "fields": {"name": "Can delete cart", "content_type": 6, "codename": "delete_cart"}}, {"model": "auth.permission", "pk": 24, "fields": {"name": "Can view cart", "content_type": 6, "codename": "view_cart"}}, {"model": "auth.permission", "pk": 25, "fields": {"name": "Can add cart item", "content_type": 7, "codename": "add_cartitem"}}, {"model": "auth.permission", "pk": 26, "fields": {"name": "Can change cart item", "content_type": 7, "codename": "change_cartitem"}}, {"model": "auth.permission", "pk": 27, "fields": {"name": "Can delete cart item", "content_type": 7, "codename": "delete_cartitem"}}, {"model": "auth.permission", "pk": 28, "fields": {"name": "Can view cart item", "content_type": 7, "codename": "view_cartitem"}}, {"model": "auth.permission", "pk": 29, "fields": {"name": "Can add user", "content_type": 8, "codename": "add_user"}}, {"model": "auth.permission", "pk": 30, "fields": {"name": "Can change user", "content_type": 8, "codename": "change_user"}}, {"model": "auth.permission", "pk": 31, "fields": {"name": "Can delete user", "content_type": 8, "codename": "delete_user"}}, {"model": "auth.permission", "pk": 32, "fields": {"name": "Can view user", "content_type": 8, "codename": "view_user"}}, {"model": "auth.permission", "pk": 33, "fields": {"name": "Can add log entry", "content_type": 9, "codename": "add_logentry"}}, {"model": "auth.permission", "pk": 34, "fields": {"name": "Can change log entry", "content_type": 9, "codename": "change_logentry"}}, {"model": "auth.permission", "pk": 35, "fields": {"name": "Can delete log entry", "content_type": 9, "codename": "delete_logentry"}}, {"model": "auth.permission", "pk": 36, "fields": {"name": "Can view log entry", "content_type": 9, "codename": "view_logentry"}}, {"model": "auth.permission", "pk": 37, "fields": {"name": "Can add permission", "content_type": 10, "codename": "add_permission"}}, {"model": "auth.permission", "pk": 38, "fields": {"name": "Can change permission", "content_type": 10, "codename": "change_permission"}}, {"model": "auth.permission", "pk": 39, "fields": {"name": "Can delete permission", "content_type": 10, "codename": "delete_permission"}}, {"model": "auth.permission", "pk": 40, "fields": {"name": "Can view permission", "content_type": 10, "codename": "view_permission"}}, {"model": "auth.permission", "pk": 41, "fields": {"name": "Can add group", "content_type": 11, "codename": "add_group"}}, {"model": "auth.permission", "pk": 42, "fields": {"name": "Can change group", "content_type": 11, "codename": "change_group"}}, {"model": "auth.permission", "pk": 43, "fields": {"name": "Can delete group", "content_type": 11, "codename": "delete_group"}}, {"model": "auth.permission", "pk": 44, "fields": {"name": "Can view group", "content_type": 11, "codename": "view_group"}}, {"model": "auth.permission", "pk": 45, "fields": {"name": "Can add content type", "content_type": 12, "codename": "add_contenttype"}}, {"model": "auth.permission", "pk": 46, "fields": {"name": "Can change content type", "content_type": 12, "codename": "change_contenttype"}}, {"model": "auth.permission", "pk": 47, "fields": {"name": "Can delete content type", "content_type": 12, "codename": "delete_contenttype"}}, {"model": "auth.permission", "pk": 48, "fields": {"name": "Can view content type", "content_type": 12, "codename": "view_contenttype"}}, {"model": "auth.permission", "pk": 49, "fields": {"name": "Can add session", "content_type": 13, "codename": "add_session"}}, {"model": "auth.permission", "pk": 50, "fields": {"name": "Can change session", "content_type": 13, "codename": "change_session"}}, {"model": "auth.permission", "pk": 51, "fields": {"name": "Can delete session", "content_type": 13, "codename": "delete_session"}}, {"model": "auth.permission", "pk": 52, "fields": {"name": "Can view session", "content_type": 13, "codename": "view_session"}}, {"model": "auth.permission", "pk": 53, "fields": {"name": "Can add order status", "content_type": 14, "codename": "add_orderstatus"}}, {"model": "auth.permission", "pk": 54, "fields": {"name": "Can change order status", "content_type": 14, "codename": "change_orderstatus"}}, {"model": "auth.permission", "pk": 55, "fields": {"name": "Can delete order status", "content_type": 14, "codename": "delete_orderstatus"}}, {"model": "auth.permission", "pk": 56, "fields": {"name": "Can view order status", "content_type": 14, "codename": "view_orderstatus"}}, {"model": "auth.permission", "pk": 57, "fields": {"name": "Can add order payment method", "content_type": 15, "codename": "add_orderpaymentmethod"}}, {"model": "auth.permission", "pk": 58, "fields": {"name": "Can change order payment method", "content_type": 15, "codename": "change_orderpaymentmethod"}}, {"model": "auth.permission", "pk": 59, "fields": {"name": "Can delete order payment method", "content_type": 15, "codename": "delete_orderpaymentmethod"}}, {"model": "auth.permission", "pk": 60, "fields": {"name": "Can view order payment method", "content_type": 15, "codename": "view_orderpaymentmethod"}}, {"model": "auth.permission", "pk": 61, "fields": {"name": "Can add o_template", "content_type": 16, "codename": "add_o_template"}}, {"model": "auth.permission", "pk": 62, "fields": {"name": "Can change o_template", "content_type": 16, "codename": "change_o_template"}}, {"model": "auth.permission", "pk": 63, "fields": {"name": "Can delete o_template", "content_type": 16, "codename": "delete_o_template"}}, {"model": "auth.permission", "pk": 64, "fields": {"name": "Can view o_template", "content_type": 16, "codename": "view_o_template"}}, {"model": "auth.permission", "pk": 65, "fields": {"name": "Can add offer_template", "content_type": 17, "codename": "add_offer_template"}}, {"model": "auth.permission", "pk": 66, "fields": {"name": "Can change offer_template", "content_type": 17, "codename": "change_offer_template"}}, {"model": "auth.permission", "pk": 67, "fields": {"name": "Can delete offer_template", "content_type": 17, "codename": "delete_offer_template"}}, {"model": "auth.permission", "pk": 68, "fields": {"name": "Can view offer_template", "content_type": 17, "codename": "view_offer_template"}}, {"model": "auth.permission", "pk": 69, "fields": {"name": "Can add offer template", "content_type": 18, "codename": "add_offertemplate"}}, {"model": "auth.permission", "pk": 70, "fields": {"name": "Can change offer template", "content_type": 18, "codename": "change_offertemplate"}}, {"model": "auth.permission", "pk": 71, "fields": {"name": "Can delete offer template", "content_type": 18, "codename": "delete_offertemplate"}}, {"model": "auth.permission", "pk": 72, "fields": {"name": "Can view offer template", "content_type": 18, "codename": "view_offertemplate"}}, {"model": "auth.permission", "pk": 73, "fields": {"name": "Can add country", "content_type": 19, "codename": "add_country"}}, {"model": "auth.permission", "pk": 74, "fields": {"name": "Can change country", "content_type": 19, "codename": "change_country"}}, {"model": "auth.permission", "pk": 75, "fields": {"name": "Can delete country", "content_type": 19, "codename": "delete_country"}}, {"model": "auth.permission", "pk": 76, "fields": {"name": "Can view country", "content_type": 19, "codename": "view_country"}}, {"model": "auth.permission", "pk": 77, "fields": {"name": "Can add offer instance", "content_type": 20, "codename": "add_offerinstance"}}, {"model": "auth.permission", "pk": 78, "fields": {"name": "Can change offer instance", "content_type": 20, "codename": "change_offerinstance"}}, {"model": "auth.permission", "pk": 79, "fields": {"name": "Can delete offer instance", "content_type": 20, "codename": "delete_offerinstance"}}, {"model": "auth.permission", "pk": 80, "fields": {"name": "Can view offer instance", "content_type": 20, "codename": "view_offerinstance"}}, {"model": "auth.permission", "pk": 81, "fields": {"name": "Can add cart offer item", "content_type": 21, "codename": "add_cartofferitem"}}, {"model": "auth.permission", "pk": 82, "fields": {"name": "Can change cart offer item", "content_type": 21, "codename": "change_cartofferitem"}}, {"model": "auth.permission", "pk": 83, "fields": {"name": "Can delete cart offer item", "content_type": 21, "codename": "delete_cartofferitem"}}, {"model": "auth.permission", "pk": 84, "fields": {"name": "Can view cart offer item", "content_type": 21, "codename": "view_cartofferitem"}}, {"model": "auth.permission", "pk": 85, "fields": {"name": "Can add cart product item", "content_type": 22, "codename": "add_cartproductitem"}}, {"model": "auth.permission", "pk": 86, "fields": {"name": "Can change cart product item", "content_type": 22, "codename": "change_cartproductitem"}}, {"model": "auth.permission", "pk": 87, "fields": {"name": "Can delete cart product item", "content_type": 22, "codename": "delete_cartproductitem"}}, {"model": "auth.permission", "pk": 88, "fields": {"name": "Can view cart product item", "content_type": 22, "codename": "view_cartproductitem"}}, {"model": "auth.permission", "pk": 89, "fields": {"name": "Can add loyalty points", "content_type": 23, "codename": "add_loyaltypoints"}}, {"model": "auth.permission", "pk": 90, "fields": {"name": "Can change loyalty points", "content_type": 23, "codename": "change_loyaltypoints"}}, {"model": "auth.permission", "pk": 91, "fields": {"name": "Can delete loyalty points", "content_type": 23, "codename": "delete_loyaltypoints"}}, {"model": "auth.permission", "pk": 92, "fields": {"name": "Can view loyalty points", "content_type": 23, "codename": "view_loyaltypoints"}}, {"model": "auth.permission", "pk": 93, "fields": {"name": "Can add loyalty points transaction", "content_type": 24, "codename": "add_loyaltypointstransaction"}}, {"model": "auth.permission", "pk": 94, "fields": {"name": "Can change loyalty points transaction", "content_type": 24, "codename": "change_loyaltypointstransaction"}}, {"model": "auth.permission", "pk": 95, "fields": {"name": "Can delete loyalty points transaction", "content_type": 24, "codename": "delete_loyaltypointstransaction"}}, {"model": "auth.permission", "pk": 96, "fields": {"name": "Can view loyalty points transaction", "content_type": 24, "codename": "view_loyaltypointstransaction"}}, {"model": "auth.permission", "pk": 97, "fields": {"name": "Can add pizza topping", "content_type": 25, "codename": "add_pizzatopping"}}, {"model": "auth.permission", "pk": 98, "fields": {"name": "Can change pizza topping", "content_type": 25, "codename": "change_pizzatopping"}}, {"model": "auth.permission", "pk": 99, "fields": {"name": "Can delete pizza topping", "content_type": 25, "codename": "delete_pizzatopping"}}, {"model": "auth.permission", "pk": 100, "fields": {"name": "Can view pizza topping", "content_type": 25, "codename": "view_pizzatopping"}}, {"model": "contenttypes.contenttype", "pk": 1, "fields": {"app_label": "products", "model": "product"}}, {"model": "contenttypes.contenttype", "pk": 2, "fields": {"app_label": "products", "model": "productcategory"}}, {"model": "contenttypes.contenttype", "pk": 3, "fields": {"app_label": "products", "model": "offer"}}, {"model": "contenttypes.contenttype", "pk": 4, "fields": {"app_label": "products", "model": "pizza"}}, {"model": "contenttypes.contenttype", "pk": 5, "fields": {"app_label": "orders", "model": "order"}}, {"model": "contenttypes.contenttype", "pk": 6, "fields": {"app_label": "cart", "model": "cart"}}, {"model": "contenttypes.contenttype", "pk": 7, "fields": {"app_label": "cart", "model": "cartitem"}}, {"model": "contenttypes.contenttype", "pk": 8, "fields": {"app_label": "users", "model": "user"}}, {"model": "contenttypes.contenttype", "pk": 9, "fields": {"app_label": "admin", "model": "logentry"}}, {"model": "contenttypes.contenttype", "pk": 10, "fields": {"app_label": "auth", "model": "permission"}}, {"model": "contenttypes.contenttype", "pk": 11, "fields": {"app_label": "auth", "model": "group"}}, {"model": "contenttypes.contenttype", "pk": 12, "fields": {"app_label": "contenttypes", "model": "contenttype"}}, {"model": "contenttypes.contenttype", "pk": 13, "fields": {"app_label": "sessions", "model": "session"}}, {"model": "contenttypes.contenttype", "pk": 14, "fields": {"app_label": "orders", "model": "orderstatus"}}, {"model": "contenttypes.contenttype", "pk": 15, "fields": {"app_label": "orders", "model": "orderpaymentmethod"}}, {"model": "contenttypes.contenttype", "pk": 16, "fields": {"app_label": "products", "model": "o_template"}}, {"model": "contenttypes.contenttype", "pk": 17, "fields": {"app_label": "products", "model": "offer_template"}}, {"model": "contenttypes.contenttype", "pk": 18, "fields": {"app_label": "products", "model": "offertemplate"}}, {"model": "contenttypes.contenttype", "pk": 19, "fields": {"app_label": "orders", "model": "country"}}, {"model": "contenttypes.contenttype", "pk": 20, "fields": {"app_label": "products", "model": "offerinstance"}}, {"model": "contenttypes.contenttype", "pk": 21, "fields": {"app_label": "cart", "model": "cartofferitem"}}, {"model": "contenttypes.contenttype", "pk": 22, "fields": {"app_label": "cart", "model": "cartproductitem"}}, {"model": "contenttypes.contenttype", "pk": 23, "fields": {"app_label": "users", "model": "loyaltypoints"}}, {"model": "contenttypes.contenttype", "pk": 24, "fields": {"app_label": "users", "model": "loyaltypointstransaction"}}, {"model": "contenttypes.contenttype", "pk": 25, "fields": {"app_label": "products", "model": "pizzatopping"}}, {"model": "sessions.session", "pk": "0vy8xw7urzk6p57fe8rgqzmdschbg8cj", "fields": {"session_data": ".eJxVjr0OwjAQg98lM4qS5ufSjuw8Q3SXHLRQpVKbToh3p5E6wGj7s-W3iLjXMe4br3HKYhCdEZdfkzC9uLQkP7E8FpmWUteJZEPkmW7ytmSeryf7NzDiNh7tQA688oGInYHOQk-YiXt2XhuVwWXUvdGJfTikAaQOIYC3-q6tVe1VwrWKoezz_PkCplc7Vg:1pzaYh:vqyVJICYjDVAi87AmXX35b2hyC_aSZPpyT__IE2nMNQ", "expire_date": "2023-06-01T10:08:31.515Z"}}, {"model": "sessions.session", "pk": "2k4311l9qogpgedgjtc2b82fyk4kepjn", "fields": {"session_data": "e30:1pxTbW:6XLaAddmKgnPK7JcO5495D5kcoNE2a3GwG7hhO16a7Q", "expire_date": "2023-05-26T14:18:42.934Z"}}, {"model": "sessions.session", "pk": "36xktoyqjkd6nyfkxli8els3xiudi946", "fields": {"session_data": "e30:1pxTb4:kYsNYOr08tMy0MUQiry-m42rTIKZrTw3lt7xuSfHU90", "expire_date": "2023-05-26T14:18:14.111Z"}}, {"model": "sessions.session", "pk": "gp08lzqk0ogs8kmz6vx5zgc28vol17fo", "fields": {"session_data": ".eJxVjDsOgzAQBe-ydWRh1ouBMn3OgPaDA0kEEoYqyt0DEg3tm5n3BeVlhbaJN-h4W4duy_3SjQYteLhswvrupwPYi6fn7HSe1mUUdyjupNk9Zus_99O9HAych70uCwuEqsm4oiKKIrGg1lRGilgYhjIFI7PU7NhXInXwDQp54YA-we8Pyf86UQ:1pxcJn:ZwDS9TB4ecLZ-IL0c--XNvbkVxsL_1aIHRPJo60rhj4", "expire_date": "2023-05-26T23:36:59.659Z"}}, {"model": "sessions.session", "pk": "khafb472w937zhbotwr0xd1sfuxwomma", "fields": {"session_data": ".eJxVjDsOgzAQBe_iOrJsr5dPyvScAe0HB5LISBiqKHcPSBRJ-2bmvU1P2zr2WxmWflJzNd5cfjcmeQ75APqgfJ-tzHldJraHYk9abDfr8Lqd7t_BSGXc6-A0IogkpQpdzQJIDNJgqLEGpxBDioqqqd2xr5ib6Ftg9EwRfDKfL95dN40:1pxUe8:mtfSVhlKUata3LCi1qNAmcAqNpeQo71Vmz4HPANuAd4", "expire_date": "2023-05-26T15:25:28.739Z"}}, {"model": "sessions.session", "pk": "llkz1bea2kmt00nra98kh8f0d6qcqix1", "fields": {"session_data": ".eJxVjDsOgzAQBe_iOrJsr5dPyvScAe0HB5LISBiqKHcPSBRJ-2bmvU1P2zr2WxmWflJzNd5cfjcmeQ75APqgfJ-tzHldJraHYk9abDfr8Lqd7t_BSGXc6-A0IogkpQpdzQJIDNJgqLEGpxBDioqqqd2xr5ib6Ftg9EwRfDKfL95dN40:1q0pGQ:Qa9V_98Q6uOhpfIFZLujLh5E5QIGDdIFrdreoLZYA98", "expire_date": "2023-06-04T20:02:46.570Z"}}, {"model": "sessions.session", "pk": "pn8tf8k84rjeabfs9pgsof38auijg6i1", "fields": {"session_data": "e30:1pw037:1L1w4I7Hr-VS-p35sQYPuejlvnZKR8e_q5PK67BgFIw", "expire_date": "2023-05-22T12:33:05.660Z"}}, {"model": "sessions.session", "pk": "q6bqlpgvryzmxm27jjreryx0cvr0k7be", "fields": {"session_data": ".eJxVjDsOgzAQBe_iOrIw68VAmT5nQPvBgSQCCZsqyt1jJIqkfTNv3magPU_DnsZtmNX0xpnL78Ykz3E5gD5oua9W1iVvM9tDsSdN9rbq-Lqe7l9gojSVd12pRxCJSg1WgQWQGKTFOmCASsHX0Suqxq5g1zC33nXA6Jg8uFiiQls2PYTPFxdUOks:1pwhML:S6ngjUTd5YN2DVMXhPzTQPGtUYMO1qMVS6W9B-QWGdE", "expire_date": "2023-05-24T10:47:49.756Z"}}, {"model": "sessions.session", "pk": "wm084mfj3kt2nthqgf7kmyylaetlqnbd", "fields": {"session_data": ".eJxVjDsOgzAQBe_iOrJsr5dPyvScAe0HB5LISBiqKHcPSBRJ-2bmvU1P2zr2WxmWflJzNd5cfjcmeQ75APqgfJ-tzHldJraHYk9abDfr8Lqd7t_BSGXc6-A0IogkpQpdzQJIDNJgqLEGpxBDioqqqd2xr5ib6Ftg9EwRfDKfL95dN40:1q0onO:nd1hRn_N_Z6fhHl7yxs4Kx073dl7jt2qE5tFkTq9ZMo", "expire_date": "2023-06-04T19:32:46.160Z"}}, {"model": "sessions.session", "pk": "wvk9a8ol9i6xw2bie3vp29fv9zx4mx3t", "fields": {"session_data": "e30:1pw017:mu-m4CdOnbyp978aXuk19qSgeC-saLDFFp4WKg2ig1M", "expire_date": "2023-05-22T12:31:01.715Z"}}]